TRADEDATE,SBER,LKOH,GAZP
2015-01-05,56.37,2295.0,133.95
2015-01-06,58.28,2345.0,138.92
2015-01-08,65.7,2572.0,146.46
2015-01-09,63.1,2461.0,141.7
2015-01-12,62.9,2477.0,140.22
2015-01-13,60.31,2522.0,142.64
2015-01-14,60.05,2588.0,146.3
2015-01-15,61.8,2618.9,147.0
2015-01-16,61.99,2736.0,149.6
2015-01-19,61.8,2640.0,148.11
2015-01-20,60.8,2628.7,145.75
2015-01-21,62.8,2752.0,148.8
2015-01-22,64.35,2820.0,151.5
2015-01-23,64.45,2849.0,152.83
2015-01-26,60.49,2864.9,148.0
2015-01-27,61.2,2925.1,150.9
2015-01-28,60.63,2865.2,147.7
2015-01-29,60.5,2845.2,145.0
2015-01-30,61.5,2789.9,143.82
2015-02-02,61.4,2750.1,138.18
2015-02-03,62.0,2851.5,140.35
2015-02-04,61.04,2910.0,142.6
2015-02-05,62.41,2996.0,147.6
2015-02-06,64.31,3120.1,151.6
2015-02-09,65.57,3016.0,149.3
2015-02-10,65.0,3000.0,149.31
2015-02-11,65.12,3069.1,150.55
2015-02-12,67.21,3120.0,157.7
2015-02-13,70.6,3135.0,162.4
2015-02-16,70.0,3020.0,160.19
2015-02-17,72.45,3010.0,159.2
2015-02-18,76.4,3000.0,163.0
2015-02-19,73.78,2994.8,160.9
2015-02-20,74.75,2990.0,158.0
2015-02-24,73.7,3001.0,154.99
2015-02-25,74.2,2933.4,150.7
2015-02-26,75.95,2935.0,151.65
2015-02-27,75.91,2981.2,152.95
2015-03-02,76.2,3027.2,155.5
2015-03-03,75.55,3009.5,159.0
2015-03-04,72.31,2955.0,154.0
2015-03-05,72.7,2915.0,154.8
2015-03-06,73.25,2800.0,152.12
2015-03-10,69.8,2699.0,148.05
2015-03-11,70.68,2726.9,145.99
2015-03-12,70.79,2733.9,144.7
2015-03-13,67.87,2659.0,141.8
2015-03-16,65.57,2666.0,139.75
2015-03-17,64.65,2689.0,139.7
2015-03-18,65.26,2735.0,140.25
2015-03-19,64.9,2689.8,136.81
2015-03-20,67.0,2710.0,136.0
2015-03-23,65.0,2679.9,134.61
2015-03-24,65.6,2709.7,137.15
2015-03-25,64.8,2697.3,134.9
2015-03-26,62.85,2623.0,132.2
2015-03-27,61.0,2577.0,134.88
2015-03-30,63.01,2657.0,137.0
2015-03-31,62.88,2705.0,138.9
2015-04-01,64.5,2755.0,143.0
2015-04-02,65.92,2780.5,143.9
2015-04-03,65.5,2824.8,143.94
2015-04-06,68.99,2823.3,145.7
2015-04-07,69.6,2790.0,146.2
2015-04-08,69.4,2755.0,147.27
2015-04-09,72.0,2707.8,148.1
2015-04-10,71.5,2634.9,148.0
2015-04-13,74.1,2617.0,148.8
2015-04-14,74.05,2559.0,144.4
2015-04-15,76.49,2595.0,150.1
2015-04-16,76.5,2580.0,152.4
2015-04-17,72.5,2576.0,149.3
2015-04-20,73.5,2670.0,153.96
2015-04-21,75.24,2728.2,155.35
2015-04-22,73.9,2639.5,150.8
2015-04-23,75.8,2592.0,150.15
2015-04-24,75.75,2645.0,153.89
2015-04-27,75.2,2662.0,152.05
2015-04-28,75.7,2644.9,152.79
2015-04-29,75.2,2610.0,152.5
2015-04-30,76.9,2645.6,153.5
2015-05-05,80.21,2655.0,156.33
2015-05-06,79.2,2660.0,155.25
2015-05-07,76.5,2650.5,152.1
2015-05-08,75.5,2691.6,155.52
2015-05-12,75.19,2698.6,154.2
2015-05-13,75.24,2620.0,151.74
2015-05-14,74.31,2610.1,151.8
2015-05-15,75.05,2595.0,152.98
2015-05-18,75.36,2550.0,151.9
2015-05-19,73.35,2530.0,149.85
2015-05-20,71.6,2481.1,146.35
2015-05-21,73.25,2523.0,147.16
2015-05-22,74.35,2537.0,148.8
2015-05-25,74.46,2502.2,146.69
2015-05-26,74.67,2508.0,145.25
2015-05-27,74.23,2541.8,147.66
2015-05-28,73.6,2563.8,146.11
2015-05-29,73.5,2461.3,139.0
2015-06-01,72.65,2447.5,139.4
2015-06-02,73.92,2515.0,140.75
2015-06-03,71.72,2480.3,140.71
2015-06-04,71.25,2525.0,140.2
2015-06-05,70.61,2570.0,142.4
2015-06-08,69.17,2551.9,142.66
2015-06-09,70.21,2606.0,146.17
2015-06-10,71.51,2551.3,145.6
2015-06-11,72.55,2506.9,145.4
2015-06-15,71.8,2481.7,144.95
2015-06-16,73.5,2500.3,146.0
2015-06-17,72.81,2475.0,147.6
2015-06-18,72.98,2476.0,147.15
2015-06-19,71.56,2474.4,147.15
2015-06-22,72.0,2487.0,148.5
2015-06-23,72.01,2469.0,146.25
2015-06-24,71.98,2445.0,146.68
2015-06-25,71.42,2406.0,143.7
2015-06-26,70.6,2401.7,145.18
2015-06-29,70.2,2408.0,143.59
2015-06-30,72.35,2469.9,145.85
2015-07-01,71.0,2429.2,145.5
2015-07-02,70.54,2455.0,145.8
2015-07-03,70.67,2425.3,144.33
2015-07-06,68.45,2460.0,143.0
2015-07-07,68.77,2465.0,142.5
2015-07-08,67.73,2470.0,141.5
2015-07-09,69.35,2484.6,143.77
2015-07-10,71.06,2465.0,143.9
2015-07-13,72.94,2435.6,145.27
2015-07-14,73.9,2421.9,146.5
2015-07-15,74.0,2460.0,142.7
2015-07-16,74.21,2461.6,144.2
2015-07-17,75.52,2465.4,143.6
2015-07-20,74.1,2428.2,141.78
2015-07-21,75.55,2442.0,141.41
2015-07-22,74.6,2465.0,140.8
2015-07-23,72.7,2462.5,138.37
2015-07-24,70.45,2468.9,136.41
2015-07-27,68.48,2398.9,134.51
2015-07-28,69.55,2433.4,135.05
2015-07-29,71.2,2430.9,138.7
2015-07-30,72.2,2441.0,139.8
2015-07-31,72.3,2537.6,142.5
2015-08-03,71.1,2509.1,141.45
2015-08-04,72.3,2507.4,141.89
2015-08-05,73.49,2529.0,143.78
2015-08-06,72.25,2491.6,140.88
2015-08-07,74.2,2520.0,141.34
2015-08-10,75.16,2531.0,141.5
2015-08-11,73.2,2519.7,141.97
2015-08-12,73.4,2539.5,142.99
2015-08-13,73.7,2548.2,143.7
2015-08-14,74.43,2561.1,144.8
2015-08-17,73.0,2554.9,144.25
2015-08-18,72.45,2491.0,142.65
2015-08-19,71.5,2468.5,140.8
2015-08-20,72.05,2487.1,142.64
2015-08-21,69.86,2412.0,140.29
2015-08-24,68.53,2347.0,135.35
2015-08-25,70.79,2381.0,140.4
2015-08-26,71.0,2355.0,140.51
2015-08-27,73.8,2424.0,144.6
2015-08-28,74.82,2520.0,146.6
2015-08-31,74.5,2531.0,148.19
2015-09-01,73.14,2455.0,144.5
2015-09-02,72.9,2440.0,142.57
2015-09-03,74.15,2503.0,145.3
2015-09-04,73.96,2458.0,142.8
2015-09-07,73.81,2446.7,141.67
2015-09-08,74.9,2462.1,143.21
2015-09-09,74.65,2501.2,144.22
2015-09-10,74.3,2489.0,142.99
2015-09-11,74.1,2487.6,142.4
2015-09-14,74.88,2524.5,143.58
2015-09-15,74.85,2478.1,141.95
2015-09-16,77.71,2475.0,142.91
2015-09-17,76.49,2439.0,142.8
2015-09-18,75.5,2403.8,139.5
2015-09-21,75.94,2331.1,139.45
2015-09-22,74.39,2225.9,136.4
2015-09-23,73.74,2203.0,134.3
2015-09-24,73.33,2185.0,132.2
2015-09-25,74.97,2240.0,133.85
2015-09-28,74.57,2241.9,130.9
2015-09-29,75.5,2261.0,133.2
2015-09-30,75.3,2242.9,134.55
2015-10-01,74.51,2184.0,132.9
2015-10-02,73.8,2140.0,131.5
2015-10-05,76.2,2196.0,136.8
2015-10-06,77.31,2238.0,137.87
2015-10-07,79.65,2279.0,140.0
2015-10-08,83.11,2294.0,139.8
2015-10-09,85.77,2400.1,143.81
2015-10-12,85.45,2340.2,141.7
2015-10-13,85.0,2350.0,141.8
2015-10-14,86.81,2341.0,142.01
2015-10-15,87.7,2320.0,142.61
2015-10-16,88.52,2303.8,141.0
2015-10-19,87.07,2315.0,140.27
2015-10-20,88.14,2332.9,140.4
2015-10-21,86.95,2310.9,139.49
2015-10-22,86.53,2334.5,139.25
2015-10-23,90.45,2336.7,138.94
2015-10-26,92.3,2298.0,138.5
2015-10-27,89.0,2350.6,138.5
2015-10-28,90.05,2357.0,138.1
2015-10-29,88.6,2341.5,136.11
2015-10-30,90.53,2320.0,135.75
2015-11-02,93.65,2412.0,137.8
2015-11-03,95.4,2483.9,141.75
2015-11-05,95.5,2489.6,140.97
2015-11-06,94.09,2511.8,137.75
2015-11-09,92.95,2530.0,136.5
2015-11-10,94.35,2520.0,135.58
2015-11-11,94.0,2548.0,135.0
2015-11-12,94.29,2555.0,136.6
2015-11-13,93.4,2485.0,136.0
2015-11-16,95.8,2476.0,137.21
2015-11-17,102.5,2524.5,142.75
2015-11-18,104.0,2526.0,147.47
2015-11-19,104.86,2534.0,147.5
2015-11-20,107.3,2540.0,148.05
2015-11-23,109.98,2652.8,152.0
2015-11-24,105.6,2576.9,145.65
2015-11-25,108.51,2606.9,143.99
2015-11-26,106.48,2598.6,143.2
2015-11-27,104.55,2539.4,140.65
2015-11-30,102.9,2534.1,138.0
2015-12-01,101.3,2559.0,137.42
2015-12-02,102.5,2535.4,136.85
2015-12-03,104.0,2559.0,140.0
2015-12-04,103.05,2489.9,137.7
2015-12-07,103.0,2410.0,134.5
2015-12-08,97.0,2377.9,134.65
2015-12-09,100.66,2385.1,135.81
2015-12-10,100.13,2445.0,135.6
2015-12-11,98.15,2450.0,133.8
2015-12-14,97.7,2432.8,131.59
2015-12-15,100.0,2446.8,134.4
2015-12-16,102.45,2415.0,134.5
2015-12-17,103.75,2427.0,137.9
2015-12-18,98.81,2327.1,132.25
2015-12-21,98.73,2338.7,131.5
2015-12-22,99.8,2327.0,133.2
2015-12-23,102.96,2317.0,135.3
2015-12-24,101.35,2325.3,136.0
2015-12-25,101.34,2310.2,134.48
2015-12-28,100.2,2309.9,134.97
2015-12-29,101.82,2353.6,137.49
2015-12-30,101.26,2345.9,136.09
2016-01-04,98.01,2310.2,134.91
2016-01-05,98.89,2380.0,136.45
2016-01-06,96.85,2378.0,135.94
2016-01-11,91.03,2257.9,131.38
2016-01-12,91.71,2223.5,133.54
2016-01-13,91.5,2225.0,131.3
2016-01-14,93.04,2188.9,130.86
2016-01-15,87.27,2098.0,125.1
2016-01-18,86.15,2112.1,124.6
2016-01-19,86.68,2150.0,125.98
2016-01-20,83.83,2145.3,125.83
2016-01-21,86.0,2212.8,127.75
2016-01-22,91.5,2340.9,132.4
2016-01-25,91.0,2349.0,133.0
2016-01-26,91.5,2320.0,131.89
2016-01-27,95.75,2400.5,134.0
2016-01-28,96.69,2495.0,136.5
2016-01-29,96.5,2569.0,136.6
2016-02-01,96.5,2547.0,133.9
2016-02-02,94.4,2491.0,132.5
2016-02-03,94.53,2475.5,131.01
2016-02-04,97.57,2553.5,135.07
2016-02-05,97.2,2594.0,134.43
2016-02-08,94.7,2482.5,133.5
2016-02-09,93.89,2387.5,132.7
2016-02-10,96.35,2382.5,133.03
2016-02-11,94.2,2392.0,130.49
2016-02-12,94.85,2396.0,131.3
2016-02-15,95.25,2429.0,133.43
2016-02-16,96.51,2450.0,135.85
2016-02-17,99.2,2467.0,137.1
2016-02-18,102.7,2565.0,138.0
2016-02-19,101.5,2540.0,136.9
2016-02-20,102.39,2529.0,136.59
2016-02-22,103.2,2610.0,139.9
2016-02-24,102.1,2550.0,137.15
2016-02-25,104.05,2551.5,137.97
2016-02-26,106.24,2587.0,138.67
2016-02-29,107.0,2686.0,141.4
2016-03-01,108.26,2699.0,142.0
2016-03-02,106.12,2640.0,140.14
2016-03-03,106.99,2700.0,144.5
2016-03-04,108.99,2775.0,146.16
2016-03-07,109.47,2840.0,150.15
2016-03-09,108.15,2744.0,147.43
2016-03-10,108.84,2692.0,146.94
2016-03-11,109.26,2669.0,144.3
2016-03-14,109.26,2658.5,143.2
2016-03-15,106.46,2647.5,142.54
2016-03-16,107.0,2703.0,144.75
2016-03-17,109.47,2750.0,147.27
2016-03-18,112.4,2810.0,150.65
2016-03-21,112.07,2784.5,149.9
2016-03-22,111.49,2740.0,149.62
2016-03-23,109.1,2687.5,146.0
2016-03-24,108.06,2615.0,145.8
2016-03-25,109.1,2607.5,146.04
2016-03-28,108.12,2570.0,145.1
2016-03-29,107.05,2614.5,144.7
2016-03-30,109.15,2610.0,147.8
2016-03-31,109.9,2622.0,147.75
2016-04-01,108.52,2625.0,147.2
2016-04-04,108.2,2692.0,146.38
2016-04-05,106.87,2698.5,144.34
2016-04-06,108.0,2715.0,144.2
2016-04-07,108.51,2722.0,143.89
2016-04-08,112.92,2777.5,145.7
2016-04-11,117.35,2798.0,147.3
2016-04-12,117.95,2775.0,148.9
2016-04-13,119.5,2824.0,153.12
2016-04-14,119.3,2814.5,150.43
2016-04-15,119.3,2822.5,147.99
2016-04-18,118.2,2777.0,146.3
2016-04-19,121.5,2815.5,155.95
2016-04-20,123.75,2870.0,161.95
2016-04-21,119.17,2890.0,161.8
2016-04-22,121.25,2890.0,161.2
2016-04-25,120.08,2853.0,160.3
2016-04-26,119.7,2796.0,163.0
2016-04-27,120.8,2733.0,160.99
2016-04-28,124.39,2800.0,164.75
2016-04-29,123.55,2752.0,168.47
2016-05-04,120.96,2698.5,162.4
2016-05-05,120.92,2630.0,160.5
2016-05-06,120.64,2629.0,159.27
2016-05-10,119.55,2585.5,156.85
2016-05-11,123.45,2642.5,159.45
2016-05-12,121.2,2673.5,159.03
2016-05-13,121.07,2699.5,159.85
2016-05-16,122.6,2662.0,158.07
2016-05-17,122.71,2671.5,153.58
2016-05-18,123.12,2707.0,152.1
2016-05-19,120.5,2695.5,148.33
2016-05-20,121.9,2712.0,146.7
2016-05-23,121.51,2647.0,144.31
2016-05-24,123.5,2656.5,146.35
2016-05-25,127.87,2650.5,146.55
2016-05-26,132.16,2678.0,148.87
2016-05-27,133.2,2682.0,149.88
2016-05-30,134.45,2695.5,149.6
2016-05-31,132.56,2570.0,145.5
2016-06-01,131.36,2580.0,144.7
2016-06-02,132.3,2597.0,144.0
2016-06-03,131.59,2587.0,143.41
2016-06-06,133.99,2613.0,146.4
2016-06-07,139.97,2681.5,147.75
2016-06-08,139.39,2680.5,146.95
2016-06-09,139.61,2635.0,144.98
2016-06-10,133.5,2636.0,142.44
2016-06-14,127.08,2670.0,141.84
2016-06-15,129.89,2637.5,141.57
2016-06-16,127.1,2624.0,139.5
2016-06-17,128.7,2647.0,139.32
2016-06-20,132.13,2643.5,142.97
2016-06-21,133.39,2658.0,143.54
2016-06-22,134.81,2660.0,143.0
2016-06-23,138.0,2730.0,144.2
2016-06-24,133.4,2725.0,141.25
2016-06-27,126.2,2631.0,138.52
2016-06-28,129.57,2628.0,139.24
2016-06-29,133.88,2668.0,140.0
2016-06-30,133.0,2684.0,139.51
2016-07-01,133.85,2707.0,140.05
2016-07-04,134.6,2745.0,141.6
2016-07-05,131.85,2769.5,140.95
2016-07-06,129.36,2732.0,139.99
2016-07-07,131.8,2748.0,140.37
2016-07-08,134.41,2788.0,140.27
2016-07-11,137.2,2752.0,141.4
2016-07-12,140.4,2777.0,142.12
2016-07-13,139.4,2741.0,143.6
2016-07-14,140.0,2770.0,144.2
2016-07-15,138.12,2792.5,147.37
2016-07-18,139.93,2799.0,145.84
2016-07-19,139.47,2828.0,139.48
2016-07-20,138.57,2840.5,139.26
2016-07-21,138.5,2858.0,140.1
2016-07-22,137.8,2855.0,140.6
2016-07-25,136.0,2829.0,140.7
2016-07-26,135.75,2821.0,140.69
2016-07-27,136.9,2836.5,139.5
2016-07-28,136.85,2887.0,139.9
2016-07-29,139.15,2867.0,137.3
2016-08-01,138.52,2886.0,136.93
2016-08-02,135.06,2781.0,134.5
2016-08-03,135.73,2797.0,134.04
2016-08-04,137.14,2839.5,136.7
2016-08-05,138.69,2815.0,135.5
2016-08-08,139.45,2842.5,137.47
2016-08-09,139.2,2806.0,137.34
2016-08-10,138.3,2738.0,137.4
2016-08-11,139.7,2785.0,137.19
2016-08-12,139.45,2870.0,137.83
2016-08-15,139.5,2922.5,138.0
2016-08-16,138.1,2932.5,137.99
2016-08-17,138.44,2932.0,137.68
2016-08-18,137.0,2956.5,138.4
2016-08-19,135.8,2948.0,136.8
2016-08-22,137.37,2985.0,137.8
2016-08-23,140.35,3014.0,137.37
2016-08-24,139.5,3035.0,137.0
2016-08-25,142.84,3049.0,135.42
2016-08-26,145.25,3025.0,136.2
2016-08-29,143.55,2990.5,136.2
2016-08-30,143.18,2989.5,135.59
2016-08-31,143.5,2913.0,134.95
2016-09-01,144.25,2938.0,134.99
2016-09-02,146.88,3003.0,135.55
2016-09-05,149.5,3053.0,136.05
2016-09-06,150.64,3085.0,141.4
2016-09-07,154.33,3084.0,143.08
2016-09-08,153.45,3108.0,141.45
2016-09-09,151.6,3060.5,138.54
2016-09-12,151.43,3045.5,138.93
2016-09-13,149.8,3037.5,138.45
2016-09-14,150.86,3054.0,139.35
2016-09-15,149.14,3057.0,137.6
2016-09-16,147.0,3028.0,136.47
2016-09-19,148.66,3018.0,136.59
2016-09-20,149.3,3055.0,137.0
2016-09-21,150.67,3048.5,136.25
2016-09-22,154.18,3125.0,136.7
2016-09-23,151.5,3085.5,136.7
2016-09-26,149.1,3060.0,135.26
2016-09-27,147.53,3028.0,133.92
2016-09-28,147.18,3010.5,134.09
2016-09-29,148.47,3082.0,135.31
2016-09-30,145.34,3068.0,134.9
2016-10-03,148.87,3075.0,135.37
2016-10-04,148.1,3077.0,136.23
2016-10-05,147.95,3076.0,134.8
2016-10-06,148.9,3070.0,135.9
2016-10-07,148.74,3050.0,136.1
2016-10-10,151.27,3077.5,139.1
2016-10-11,151.3,3104.0,138.98
2016-10-12,149.2,3117.5,138.07
2016-10-13,146.09,3084.5,137.47
2016-10-14,146.73,3064.0,136.2
2016-10-17,146.46,3030.0,135.57
2016-10-18,147.74,3050.0,135.81
2016-10-19,148.6,3048.0,135.49
2016-10-20,148.26,3037.5,134.72
2016-10-21,148.42,3071.0,134.96
2016-10-24,149.15,3094.5,135.05
2016-10-25,151.57,3098.0,135.3
2016-10-26,150.67,3081.5,135.32
2016-10-27,149.3,3099.0,135.04
2016-10-28,149.2,3104.0,135.0
2016-10-31,147.4,3100.0,138.84
2016-11-01,145.85,3106.0,141.98
2016-11-02,142.36,2983.0,140.81
2016-11-03,142.75,2984.0,139.9
2016-11-07,143.4,2991.0,138.5
2016-11-08,146.11,3030.0,139.32
2016-11-09,151.04,3058.5,145.62
2016-11-10,153.36,3145.0,147.4
2016-11-11,151.51,3092.0,147.88
2016-11-14,150.4,3064.0,146.26
2016-11-15,149.85,3043.0,145.9
2016-11-16,149.94,3063.0,145.5
2016-11-17,149.75,3105.0,147.7
2016-11-18,150.05,3084.5,146.96
2016-11-21,153.0,3127.0,149.6
2016-11-22,155.0,3112.0,150.0
2016-11-23,155.23,3175.0,149.49
2016-11-24,161.15,3176.5,151.11
2016-11-25,160.36,3154.5,151.31
2016-11-28,159.4,3145.5,148.94
2016-11-29,158.07,3147.0,147.75
2016-11-30,158.7,3188.0,148.8
2016-12-01,158.7,3210.0,152.81
2016-12-02,159.4,3286.0,152.35
2016-12-05,162.02,3300.0,153.78
2016-12-06,159.35,3267.5,151.5
2016-12-07,159.95,3287.0,151.95
2016-12-08,168.98,3359.5,153.05
2016-12-09,169.66,3371.0,152.99
2016-12-12,175.4,3375.0,158.63
2016-12-13,176.9,3328.5,158.95
2016-12-14,173.7,3352.0,157.2
2016-12-15,174.92,3383.5,158.25
2016-12-16,173.9,3352.0,156.2
2016-12-19,174.3,3350.5,154.6
2016-12-20,175.9,3415.0,155.3
2016-12-21,174.71,3439.0,153.06
2016-12-22,170.0,3368.0,150.27
2016-12-23,171.15,3396.0,149.05
2016-12-26,171.97,3418.0,148.95
2016-12-27,172.27,3428.5,150.38
2016-12-28,170.1,3344.0,151.0
2016-12-29,171.3,3424.5,152.62
2016-12-30,173.25,3449.0,154.55
2017-01-03,180.12,3575.0,157.7
2017-01-04,175.95,3479.5,157.44
2017-01-05,171.9,3379.0,154.0
2017-01-06,170.69,3365.0,154.1
2017-01-09,168.35,3384.5,154.4
2017-01-10,171.6,3399.0,157.97
2017-01-11,169.05,3394.5,157.01
2017-01-12,168.27,3300.0,157.25
2017-01-13,164.9,3290.0,157.95
2017-01-16,164.66,3240.0,155.81
2017-01-17,165.98,3233.0,153.65
2017-01-18,165.24,3224.0,152.86
2017-01-19,166.3,3195.0,150.85
2017-01-20,167.49,3180.0,149.7
2017-01-23,166.75,3176.5,148.1
2017-01-24,170.25,3190.0,150.15
2017-01-25,170.26,3215.0,147.65
2017-01-26,173.79,3376.5,150.49
2017-01-27,178.92,3486.0,154.09
2017-01-30,174.6,3408.0,150.8
2017-01-31,172.2,3370.0,149.8
2017-02-01,173.9,3375.0,149.65
2017-02-02,172.83,3364.5,148.8
2017-02-03,173.8,3370.5,149.35
2017-02-06,172.87,3338.0,148.5
2017-02-07,173.47,3379.0,148.7
2017-02-08,171.2,3299.0,145.2
2017-02-09,168.8,3266.5,142.11
2017-02-10,165.5,3245.5,140.5
2017-02-13,164.7,3279.0,141.2
2017-02-14,162.7,3250.0,140.62
2017-02-15,163.5,3211.0,139.72
2017-02-16,166.49,3232.0,139.16
2017-02-17,165.49,3198.5,138.12
2017-02-20,165.44,3180.0,138.5
2017-02-21,167.0,3199.5,138.35
2017-02-22,165.9,3175.5,136.68
2017-02-24,165.51,3184.0,136.75
2017-02-27,160.95,3135.0,135.07
2017-02-28,156.0,3086.0,134.0
2017-03-01,160.0,3120.0,133.85
2017-03-02,163.4,3086.0,131.3
2017-03-03,164.4,3085.0,134.8
2017-03-06,162.0,3078.5,134.6
2017-03-07,160.98,3070.0,132.89
2017-03-09,156.2,2970.0,129.0
2017-03-10,157.5,3028.0,128.78
2017-03-13,158.92,3051.0,129.93
2017-03-14,157.42,3080.0,128.8
2017-03-15,156.2,3088.0,127.6
2017-03-16,158.35,3095.0,128.05
2017-03-17,161.15,3130.0,128.94
2017-03-20,163.8,3092.5,128.79
2017-03-21,162.98,3101.0,129.3
2017-03-22,162.92,3120.5,131.65
2017-03-23,164.15,3066.0,130.99
2017-03-24,164.52,3017.5,130.05
2017-03-27,162.69,3003.0,128.8
2017-03-28,163.66,3055.0,129.2
2017-03-29,163.22,3061.0,128.81
2017-03-30,163.5,2982.0,128.49
2017-03-31,159.8,2981.0,127.9
2017-04-03,161.8,3026.5,127.21
2017-04-04,163.5,3050.0,128.81
2017-04-05,168.1,3057.0,130.69
2017-04-06,167.49,3057.5,130.5
2017-04-07,161.49,2991.0,128.72
2017-04-10,155.2,2956.0,126.16
2017-04-11,156.0,2968.0,126.0
2017-04-12,150.28,2949.5,125.05
2017-04-13,152.0,2910.0,124.54
2017-04-14,149.24,2864.5,122.85
2017-04-17,153.99,2880.0,123.7
2017-04-18,153.4,2828.5,122.22
2017-04-19,153.6,2859.0,121.55
2017-04-20,158.21,2858.0,121.99
2017-04-21,159.59,2850.0,123.0
2017-04-24,162.5,2919.0,128.0
2017-04-25,162.55,2957.0,130.2
2017-04-26,165.05,2970.0,133.43
2017-04-27,164.69,2885.0,133.41
2017-04-28,165.2,2818.0,136.75
2017-05-02,166.64,2864.0,136.52
2017-05-03,164.71,2770.0,135.81
2017-05-04,165.5,2780.0,134.93
2017-05-05,165.8,2811.5,134.41
2017-05-10,170.8,2917.0,134.19
2017-05-11,169.97,2840.0,131.1
2017-05-12,167.7,2856.0,132.5
2017-05-15,171.35,2876.0,131.5
2017-05-16,170.66,2890.5,131.13
2017-05-17,169.24,2870.0,132.07
2017-05-18,166.5,2877.0,126.9
2017-05-19,168.87,2850.0,124.19
2017-05-22,168.03,2811.0,122.52
2017-05-23,166.31,2825.0,123.23
2017-05-24,165.7,2804.0,122.0
2017-05-25,164.05,2798.0,121.61
2017-05-26,160.7,2796.5,122.2
2017-05-29,163.9,2794.5,123.11
2017-05-30,161.64,2825.0,122.1
2017-05-31,155.93,2753.0,120.28
2017-06-01,153.0,2700.0,118.0
2017-06-02,157.14,2734.0,119.69
2017-06-05,154.7,2734.5,119.0
2017-06-06,152.8,2721.5,119.05
2017-06-07,152.82,2705.0,118.92
2017-06-08,151.93,2735.0,119.3
2017-06-09,150.13,2774.0,120.5
2017-06-13,146.0,2760.5,118.15
2017-06-14,143.0,2730.0,115.35
2017-06-15,139.0,2712.0,115.49
2017-06-16,141.63,2685.0,116.02
2017-06-19,145.0,2779.5,117.33
2017-06-20,144.9,2769.0,117.44
2017-06-21,143.49,2728.5,117.97
2017-06-22,144.25,2760.5,119.55
2017-06-23,144.1,2775.0,119.1
2017-06-26,144.49,2767.0,118.67
2017-06-27,147.1,2800.0,119.35
2017-06-28,145.5,2874.5,119.7
2017-06-29,143.8,2873.0,119.16
2017-06-30,145.59,2872.5,118.49
2017-07-03,147.5,2920.0,119.86
2017-07-04,149.39,2933.0,122.73
2017-07-05,148.96,2951.5,122.7
2017-07-06,150.35,2985.0,122.68
2017-07-07,152.16,2856.0,123.0
2017-07-10,155.0,2859.0,124.25
2017-07-11,156.91,2875.0,124.78
2017-07-12,160.85,2914.5,124.87
2017-07-13,159.94,2908.5,125.55
2017-07-14,161.4,2923.0,125.0
2017-07-17,161.98,2880.0,125.14
2017-07-18,161.7,2840.0,124.49
2017-07-19,164.34,2896.0,120.11
2017-07-20,163.93,2896.0,120.6
2017-07-21,162.1,2842.0,118.95
2017-07-24,161.33,2826.5,119.17
2017-07-25,160.22,2835.0,118.4
2017-07-26,161.55,2833.0,119.0
2017-07-27,166.0,2851.5,118.68
2017-07-28,165.4,2794.0,116.9
2017-07-31,164.53,2797.5,116.1
2017-08-01,166.31,2864.5,117.99
2017-08-02,169.9,2938.0,119.09
2017-08-03,170.0,2930.0,119.58
2017-08-04,169.73,2903.0,119.45
2017-08-07,172.79,2917.5,119.5
2017-08-08,175.75,2974.0,119.67
2017-08-09,173.4,2939.0,118.68
2017-08-10,172.2,2901.5,118.05
2017-08-11,172.05,2860.0,116.93
2017-08-14,172.51,2883.5,117.4
2017-08-15,172.33,2874.0,117.59
2017-08-16,173.05,2846.5,116.75
2017-08-17,172.72,2841.0,116.22
2017-08-18,169.5,2829.0,116.0
2017-08-21,169.9,2854.5,115.92
2017-08-22,171.0,2897.0,116.0
2017-08-23,175.3,2893.5,115.75
2017-08-24,179.8,2894.0,116.56
2017-08-25,180.51,2915.0,117.85
2017-08-28,181.85,2920.0,118.75
2017-08-29,181.89,2894.0,118.3
2017-08-30,183.5,2905.0,118.2
2017-08-31,183.51,2940.5,117.97
2017-09-01,183.66,2915.0,117.4
2017-09-04,184.1,2895.0,117.0
2017-09-05,184.14,2883.5,116.0
2017-09-06,183.12,2919.0,117.14
2017-09-07,184.0,2876.0,117.95
2017-09-08,185.89,2925.0,120.34
2017-09-11,190.5,2909.0,121.0
2017-09-12,189.32,2961.5,121.99
2017-09-13,189.1,2938.0,123.55
2017-09-14,188.64,2970.0,123.33
2017-09-15,188.75,2978.5,122.5
2017-09-18,188.04,3032.5,122.72
2017-09-19,184.85,3025.0,121.75
2017-09-20,186.47,2985.0,122.25
2017-09-21,187.38,2991.5,122.34
2017-09-22,187.55,2970.0,121.95
2017-09-25,191.2,3039.5,123.03
2017-09-26,192.54,3022.0,123.03
2017-09-27,193.7,3064.5,123.36
2017-09-28,191.96,3065.0,122.5
2017-09-29,192.33,3064.0,122.2
2017-10-02,193.0,3044.5,121.9
2017-10-03,192.5,3054.0,120.78
2017-10-04,192.03,3038.5,121.76
2017-10-05,193.74,3054.0,123.5
2017-10-06,194.16,3060.0,123.47
2017-10-09,194.0,3052.5,124.81
2017-10-10,193.21,3037.5,124.44
2017-10-11,195.83,3040.0,126.0
2017-10-12,195.51,3035.0,125.93
2017-10-13,196.48,3018.0,126.86
2017-10-16,197.7,3020.0,127.17
2017-10-17,197.2,3003.0,125.15
2017-10-18,195.31,3011.0,126.7
2017-10-19,192.2,2985.0,125.5
2017-10-20,192.97,2994.0,126.7
2017-10-23,192.34,2997.0,126.8
2017-10-24,192.5,3018.0,126.02
2017-10-25,192.04,3005.0,125.0
2017-10-26,192.75,2996.0,124.2
2017-10-27,196.05,3064.5,125.94
2017-10-30,195.0,3058.0,125.98
2017-10-31,193.8,3096.0,125.9
2017-11-01,194.05,3144.5,126.5
2017-11-02,193.85,3150.0,125.67
2017-11-03,193.8,3168.5,125.9
2017-11-07,205.96,3325.0,132.28
2017-11-08,209.09,3336.0,132.3
2017-11-09,220.05,3368.0,131.5
2017-11-10,217.7,3344.5,132.5
2017-11-13,216.61,3326.0,133.32
2017-11-14,221.4,3325.0,132.93
2017-11-15,225.95,3296.0,131.21
2017-11-16,227.5,3304.0,129.2
2017-11-17,225.65,3304.5,129.65
2017-11-20,224.6,3281.0,129.96
2017-11-21,231.0,3319.5,132.49
2017-11-22,230.25,3369.0,132.57
2017-11-23,225.56,3380.0,131.6
2017-11-24,228.0,3395.0,133.57
2017-11-27,226.76,3365.0,133.5
2017-11-28,230.0,3343.0,135.18
2017-11-29,228.2,3308.5,133.55
2017-11-30,224.35,3292.5,132.15
2017-12-01,221.5,3344.0,133.02
2017-12-04,224.6,3390.5,133.77
2017-12-05,223.91,3403.0,133.65
2017-12-06,223.75,3403.0,134.0
2017-12-07,219.81,3374.5,133.02
2017-12-08,220.89,3388.5,132.6
2017-12-11,227.69,3432.5,134.65
2017-12-12,227.9,3473.5,135.5
2017-12-13,221.8,3458.0,135.56
2017-12-14,229.9,3453.5,135.91
2017-12-15,226.53,3420.0,135.5
2017-12-18,227.4,3395.5,134.25
2017-12-19,224.1,3402.0,133.96
2017-12-20,226.0,3373.0,132.5
2017-12-21,223.6,3332.5,131.7
2017-12-22,221.44,3347.0,132.42
2017-12-25,223.3,3320.0,131.96
2017-12-26,223.57,3288.0,131.2
2017-12-27,226.98,3283.5,130.99
2017-12-28,224.2,3317.0,130.53
2017-12-29,225.2,3334.5,130.5
2018-01-03,231.9,3421.5,132.2
2018-01-04,238.8,3501.0,135.89
2018-01-05,238.6,3569.5,137.12
2018-01-09,240.4,3628.5,140.0
2018-01-10,237.76,3641.0,143.43
2018-01-11,239.0,3687.5,144.58
2018-01-12,237.75,3908.0,143.99
2018-01-15,238.85,3876.5,142.99
2018-01-16,239.64,3862.0,145.29
2018-01-17,239.82,3851.5,148.7
2018-01-18,245.5,3855.0,150.35
2018-01-19,242.45,3825.5,149.13
2018-01-22,243.99,3870.0,150.3
2018-01-23,244.4,3841.5,148.8
2018-01-24,247.53,3850.0,149.7
2018-01-25,250.64,3825.0,149.8
2018-01-26,247.0,3821.0,147.19
2018-01-29,250.48,3778.0,144.75
2018-01-30,257.8,3713.0,143.5
2018-01-31,264.5,3728.0,143.36
2018-02-01,263.2,3760.5,145.39
2018-02-02,257.32,3797.0,144.0
2018-02-05,255.64,3752.0,144.53
2018-02-06,258.94,3655.5,141.59
2018-02-07,257.58,3735.0,141.0
2018-02-08,253.19,3686.0,137.2
2018-02-09,250.11,3617.5,135.56
2018-02-12,255.05,3656.5,137.3
2018-02-13,258.3,3729.5,139.85
2018-02-14,262.03,3709.0,138.89
2018-02-15,264.58,3730.0,137.06
2018-02-16,266.99,3751.0,137.06
2018-02-19,266.85,3715.0,138.31
2018-02-20,267.22,3744.0,141.32
2018-02-21,279.2,3808.5,144.0
2018-02-22,277.49,3836.0,145.97
2018-02-26,279.97,3839.5,147.0
2018-02-27,278.21,3838.5,146.5
2018-02-28,272.4,3776.5,143.16
2018-03-01,275.0,3754.0,140.1
2018-03-02,273.0,3749.5,138.57
2018-03-05,277.0,3730.0,141.6
2018-03-06,274.03,3744.0,140.59
2018-03-07,274.0,3721.0,138.56
2018-03-09,274.6,3789.0,139.81
2018-03-12,274.3,3770.0,141.35
2018-03-13,273.95,3773.0,142.75
2018-03-14,262.5,3742.0,138.8
2018-03-15,254.51,3800.0,138.25
2018-03-16,256.15,3874.5,141.0
2018-03-19,255.0,3815.0,139.91
2018-03-20,257.15,3860.0,142.45
2018-03-21,268.88,3874.0,141.51
2018-03-22,265.5,3857.0,139.5
2018-03-23,262.0,3874.5,142.0
2018-03-26,255.0,3800.0,138.27
2018-03-27,258.0,3878.0,140.8
2018-03-28,251.5,3927.0,140.47
2018-03-29,252.9,3991.5,142.8
2018-03-30,253.57,3961.0,142.33
2018-04-02,249.99,3955.5,140.32
2018-04-03,251.6,3951.0,141.13
2018-04-04,255.69,3939.0,140.18
2018-04-05,262.0,3990.0,140.5
2018-04-06,256.76,3939.0,141.5
2018-04-09,213.0,3620.0,135.01
2018-04-10,214.8,3900.0,141.8
2018-04-11,208.0,4070.0,145.27
2018-04-12,212.21,3979.0,145.99
2018-04-13,204.7,3902.0,142.58
2018-04-16,192.06,3892.0,141.5
2018-04-17,207.5,3940.0,142.4
2018-04-18,215.87,4030.0,144.75
2018-04-19,213.45,4015.0,143.4
2018-04-20,215.36,3985.0,144.4
2018-04-23,223.25,3974.0,143.99
2018-04-24,223.0,3999.5,144.14
2018-04-25,220.45,4029.0,142.7
2018-04-26,220.7,4140.0,145.48
2018-04-27,223.91,4212.0,144.5
2018-04-28,224.8,4178.5,144.3
2018-04-30,226.99,4156.5,145.93
2018-05-02,229.02,4141.0,144.94
2018-05-03,228.03,4068.0,142.7
2018-05-04,228.55,4108.0,143.73
2018-05-07,229.86,4121.0,144.05
2018-05-08,226.7,4180.0,145.48
2018-05-10,233.7,4235.0,146.38
2018-05-11,235.72,4383.0,150.7
2018-05-14,237.8,4407.5,150.98
2018-05-15,231.39,4392.0,149.2
2018-05-16,229.8,4410.0,148.59
2018-05-17,226.05,4354.0,147.15
2018-05-18,222.2,4450.0,145.65
2018-05-21,226.21,4398.5,146.76
2018-05-22,225.6,4360.0,146.5
2018-05-23,221.0,4263.0,146.06
2018-05-24,222.01,4230.0,145.27
2018-05-25,220.0,4248.0,145.09
2018-05-28,220.9,4290.0,145.09
2018-05-29,219.0,4224.0,143.9
2018-05-30,221.01,4246.5,143.26
2018-05-31,222.36,4209.0,145.0
2018-06-01,220.0,4205.5,144.0
2018-06-04,220.0,4299.0,146.44
2018-06-05,215.56,4278.0,146.0
2018-06-06,217.9,4264.5,146.9
2018-06-07,216.41,4250.0,146.05
2018-06-08,210.95,4159.5,143.05
2018-06-09,212.6,4191.0,144.08
2018-06-11,210.35,4159.5,142.28
2018-06-13,215.0,4140.0,141.0
2018-06-14,214.0,4090.0,139.4
2018-06-15,209.36,4055.0,137.73
2018-06-18,206.3,4045.5,136.52
2018-06-19,206.0,4091.0,135.5
2018-06-20,212.2,4132.0,136.91
2018-06-21,210.4,4135.0,134.4
2018-06-22,214.43,4125.0,136.76
2018-06-25,202.51,4140.0,137.1
2018-06-26,199.91,4154.0,138.07
2018-06-27,207.95,4222.0,139.0
2018-06-28,208.5,4230.5,138.76
2018-06-29,218.0,4350.0,141.01
2018-07-02,221.01,4376.0,144.0
2018-07-03,218.45,4325.0,142.49
2018-07-04,217.7,4334.5,142.24
2018-07-05,224.54,4462.0,145.55
2018-07-06,226.71,4415.5,144.96
2018-07-09,230.0,4452.0,148.0
2018-07-10,230.3,4355.0,147.3
2018-07-11,227.57,4280.0,144.77
2018-07-12,226.6,4236.0,145.08
2018-07-13,229.85,4319.0,146.87
2018-07-16,227.99,4300.5,147.0
2018-07-17,222.5,4262.5,145.31
2018-07-18,216.28,4299.0,138.29
2018-07-19,207.5,4334.0,137.58
2018-07-20,204.34,4300.0,136.47
2018-07-23,208.42,4340.0,138.37
2018-07-24,215.45,4322.0,138.85
2018-07-25,213.7,4385.0,138.21
2018-07-26,210.0,4420.0,138.18
2018-07-27,208.9,4425.0,137.99
2018-07-30,211.33,4410.0,138.9
2018-07-31,214.86,4451.5,143.79
2018-08-01,210.6,4494.0,142.14
2018-08-02,206.6,4501.5,140.36
2018-08-03,202.21,4499.5,142.39
2018-08-06,203.9,4479.0,141.34
2018-08-07,201.79,4520.0,142.74
2018-08-08,193.2,4499.0,144.1
2018-08-09,195.9,4598.0,145.2
2018-08-10,186.15,4577.0,144.8
2018-08-13,190.0,4541.0,142.9
2018-08-14,192.76,4460.0,141.24
2018-08-15,187.98,4428.5,141.5
2018-08-16,191.6,4396.0,140.88
2018-08-17,189.55,4375.0,141.01
2018-08-20,191.2,4386.0,141.51
2018-08-21,191.8,4465.0,143.3
2018-08-22,187.8,4512.5,144.16
2018-08-23,178.71,4450.0,141.5
2018-08-24,180.39,4500.5,143.6
2018-08-27,183.27,4577.0,144.52
2018-08-28,182.0,4587.5,145.6
2018-08-29,183.5,4638.5,147.88
2018-08-30,178.0,4702.0,145.98
2018-08-31,182.0,4700.5,149.95
2018-09-03,181.21,4728.0,148.73
2018-09-04,179.5,4717.0,147.4
2018-09-05,178.46,4637.0,147.06
2018-09-06,175.0,4610.5,147.06
2018-09-07,174.9,4623.0,148.8
2018-09-10,171.21,4688.5,150.75
2018-09-11,169.36,4706.5,152.36
2018-09-12,173.9,4622.5,155.05
2018-09-13,183.5,4659.0,153.5
2018-09-14,188.71,4604.0,152.15
2018-09-17,188.11,4631.0,155.46
2018-09-18,191.65,4685.0,157.08
2018-09-19,193.9,4719.0,157.39
2018-09-20,191.16,4701.0,154.35
2018-09-21,193.44,4737.5,158.64
2018-09-24,198.75,4780.0,159.0
2018-09-25,195.55,4900.0,160.84
2018-09-26,195.79,4828.5,159.27
2018-09-27,204.1,4952.0,161.8
2018-09-28,203.32,5022.0,162.61
2018-10-01,204.2,5016.0,161.89
2018-10-02,199.5,4898.5,162.59
2018-10-03,198.3,5035.0,169.47
2018-10-04,189.35,4990.0,168.5
2018-10-05,187.2,4987.0,170.5
2018-10-08,191.85,4966.0,171.81
2018-10-09,191.25,4971.5,172.11
2018-10-10,189.89,4901.5,166.2
2018-10-11,185.27,4804.0,161.92
2018-10-12,191.85,4806.0,167.0
2018-10-15,190.92,4747.0,164.0
2018-10-16,196.05,4795.0,165.99
2018-10-17,194.05,4773.0,164.56
2018-10-18,191.0,4694.5,160.18
2018-10-19,183.8,4693.0,161.32
2018-10-22,180.7,4673.5,155.7
2018-10-23,181.0,4770.0,153.61
2018-10-24,188.01,4995.0,154.7
2018-10-25,186.71,4943.0,155.65
2018-10-26,181.0,4888.5,152.5
2018-10-29,185.59,4872.5,152.52
2018-10-30,184.78,4778.5,151.3
2018-10-31,189.8,4945.0,155.47
2018-11-01,188.67,4937.0,153.5
2018-11-02,192.6,4980.0,153.71
2018-11-06,197.8,5055.0,156.0
2018-11-07,201.9,5174.5,157.85
2018-11-08,202.89,5160.0,157.51
2018-11-09,195.75,5094.5,153.19
2018-11-12,196.82,5129.0,150.89
2018-11-13,196.56,4959.5,148.83
2018-11-14,199.2,4856.5,151.85
2018-11-15,200.15,4854.0,154.14
2018-11-16,199.26,4824.0,153.16
2018-11-19,197.99,4845.5,154.1
2018-11-20,194.21,4809.5,151.51
2018-11-21,197.5,4800.0,152.4
2018-11-22,199.4,4813.5,153.91
2018-11-23,197.3,4670.0,151.79
2018-11-26,188.5,4623.0,149.53
2018-11-27,191.03,4689.0,153.8
2018-11-28,190.2,4717.5,165.58
2018-11-29,195.76,4766.0,164.99
2018-11-30,194.0,4896.0,161.29
2018-12-03,200.3,5098.5,165.4
2018-12-04,199.0,5209.0,164.2
2018-12-05,196.0,5260.0,164.57
2018-12-06,192.19,5162.5,160.62
2018-12-07,195.01,5266.5,163.0
2018-12-10,191.8,5173.5,161.0
2018-12-11,192.57,5267.0,158.6
2018-12-12,190.45,5102.0,155.79
2018-12-13,189.17,5131.5,156.49
2018-12-14,184.93,5100.0,155.4
2018-12-17,182.3,5100.0,153.53
2018-12-18,186.6,4925.0,151.89
2018-12-19,188.85,4910.0,152.98
2018-12-20,189.3,4808.5,152.27
2018-12-21,186.79,4930.0,151.12
2018-12-24,184.3,4909.0,149.73
2018-12-25,183.3,4810.0,147.01
2018-12-26,183.4,4829.5,148.41
2018-12-27,185.0,4884.0,150.68
2018-12-28,186.5,4955.5,153.0
2018-12-29,186.3,4997.0,153.5
2019-01-03,186.99,5007.0,156.28
2019-01-04,190.99,5074.5,159.15
2019-01-08,191.24,5039.0,158.26
2019-01-09,197.0,5060.0,160.24
2019-01-10,196.75,5152.0,160.2
2019-01-11,196.8,5200.0,161.0
2019-01-14,196.8,5200.0,160.48
2019-01-15,198.0,5195.0,158.15
2019-01-16,201.26,5129.0,156.9
2019-01-17,203.32,5184.5,157.1
2019-01-18,208.44,5193.5,159.2
2019-01-21,207.17,5200.0,158.3
2019-01-22,207.95,5186.0,158.5
2019-01-23,210.4,5205.5,159.9
2019-01-24,212.2,5196.5,160.9
2019-01-25,212.0,5215.0,162.82
2019-01-28,209.7,5165.0,160.56
2019-01-29,213.61,5196.5,162.95
2019-01-30,213.14,5227.0,165.4
2019-01-31,217.9,5272.5,162.82
2019-02-01,216.29,5319.5,163.33
2019-02-04,215.5,5350.0,163.2
2019-02-05,217.85,5435.0,164.25
2019-02-06,216.59,5461.0,163.21
2019-02-07,211.01,5385.0,160.39
2019-02-08,210.43,5386.0,159.8
2019-02-11,214.0,5419.5,161.29
2019-02-12,219.1,5439.0,163.68
2019-02-13,213.9,5351.0,159.27
2019-02-14,204.43,5360.5,155.15
2019-02-15,208.0,5426.0,159.04
2019-02-18,204.19,5483.5,156.43
2019-02-19,202.08,5443.5,154.03
2019-02-20,206.89,5445.0,154.43
2019-02-21,203.41,5447.5,153.5
2019-02-22,205.25,5527.0,154.64
2019-02-25,205.86,5533.0,154.6
2019-02-26,205.8,5551.0,155.36
2019-02-27,205.4,5580.0,156.4
2019-02-28,207.8,5501.0,158.99
2019-03-01,206.54,5500.5,156.71
2019-03-04,205.5,5546.5,154.4
2019-03-05,202.92,5622.5,153.2
2019-03-06,205.0,5713.0,154.2
2019-03-07,203.95,5677.0,151.9
2019-03-11,205.25,5561.0,151.6
2019-03-12,205.1,5576.0,151.64
2019-03-13,206.0,5609.0,153.3
2019-03-14,203.66,5608.0,152.68
2019-03-15,203.55,5662.5,154.56
2019-03-18,205.9,5610.0,155.84
2019-03-19,207.7,5682.5,155.5
2019-03-20,209.8,5770.0,156.09
2019-03-21,210.61,5759.0,155.33
2019-03-22,207.7,5793.5,152.29
2019-03-25,214.0,5740.0,152.29
2019-03-26,218.0,5809.0,151.12
2019-03-27,214.1,5850.0,149.49
2019-03-28,215.07,5880.0,149.98
2019-03-29,214.42,5894.0,149.61
2019-04-01,217.7,5909.0,154.53
2019-04-02,218.23,5958.0,155.0
2019-04-03,219.05,5926.0,156.99
2019-04-04,221.8,5865.0,158.89
2019-04-05,227.5,5822.0,158.6
2019-04-08,232.3,5826.0,160.5
2019-04-09,238.0,5736.0,162.7
2019-04-10,243.68,5692.0,162.88
2019-04-11,238.86,5630.0,158.04
2019-04-12,239.5,5600.0,159.12
2019-04-15,237.8,5590.0,158.33
2019-04-16,233.24,5609.5,162.24
2019-04-17,234.3,5584.0,164.0
2019-04-18,232.79,5610.0,161.79
2019-04-19,232.6,5602.0,162.57
2019-04-22,235.41,5690.0,163.5
2019-04-23,235.67,5780.0,162.42
2019-04-24,236.0,5760.0,160.57
2019-04-25,227.8,5648.5,159.31
2019-04-26,223.18,5588.0,161.0
2019-04-29,228.8,5552.0,163.93
2019-04-30,225.17,5511.0,163.95
2019-05-02,229.1,5551.0,165.71
2019-05-03,232.52,5453.0,166.31
2019-05-06,232.8,5478.0,165.45
2019-05-07,231.49,5405.5,164.21
2019-05-08,230.0,5331.0,163.57
2019-05-10,227.0,5290.0,163.61
2019-05-13,224.22,5350.0,163.0
2019-05-14,227.88,5188.5,189.67
2019-05-15,228.69,5000.0,195.61
2019-05-16,228.19,5200.0,202.7
2019-05-17,226.94,5260.0,198.89
2019-05-20,226.0,5172.5,200.8
2019-05-21,232.71,5300.0,207.8
2019-05-22,235.86,5317.5,208.1
2019-05-23,229.3,5275.0,208.86
2019-05-24,234.45,5240.0,204.5
2019-05-27,236.0,5220.0,206.2
2019-05-28,233.19,5100.0,203.13
2019-05-29,233.4,5240.0,207.14
2019-05-30,232.75,5230.0,213.1
2019-05-31,233.24,5268.5,215.1
2019-06-03,239.95,5254.5,235.51
2019-06-04,236.0,5170.0,230.16
2019-06-05,239.0,5103.0,230.01
2019-06-06,244.89,5156.5,231.45
2019-06-07,248.28,5133.0,230.5
2019-06-10,249.0,5181.0,232.1
2019-06-11,235.89,5237.0,234.86
2019-06-13,240.49,5210.5,234.44
2019-06-14,238.8,5178.5,231.51
2019-06-17,237.8,5190.0,229.81
2019-06-18,241.8,5230.0,232.13
2019-06-19,240.4,5245.0,232.46
2019-06-20,244.1,5320.0,232.52
2019-06-21,238.02,5338.0,229.09
2019-06-24,239.09,5270.0,232.38
2019-06-25,236.7,5309.5,232.09
2019-06-26,240.59,5358.5,233.1
2019-06-27,240.5,5380.0,232.6
2019-06-28,238.55,5305.0,232.83
2019-07-01,242.98,5378.5,245.5
2019-07-02,241.2,5372.0,246.65
2019-07-03,241.51,5345.5,251.6
2019-07-04,242.82,5464.5,255.35
2019-07-05,242.83,5460.0,250.89
2019-07-08,243.3,5357.5,248.51
2019-07-09,242.74,5374.0,250.17
2019-07-10,243.76,5365.0,250.21
2019-07-11,241.3,5270.0,247.2
2019-07-12,237.02,5263.0,245.5
2019-07-15,235.27,5178.5,240.3
2019-07-16,234.75,5190.5,238.01
2019-07-17,234.63,5206.0,220.19
2019-07-18,234.78,5166.0,218.3
2019-07-19,232.85,5200.5,216.0
2019-07-22,230.35,5165.5,217.12
2019-07-23,232.48,5202.5,217.39
2019-07-24,230.65,5134.5,212.0
2019-07-25,232.9,5096.5,219.0
2019-07-26,230.55,5075.0,234.23
2019-07-29,232.8,5094.5,236.73
2019-07-30,236.0,5105.0,237.1
2019-07-31,233.49,5226.5,236.9
2019-08-01,229.5,5220.5,234.28
2019-08-02,220.81,5130.0,227.91
2019-08-05,222.24,5139.0,223.61
2019-08-06,226.01,5234.5,226.76
2019-08-07,222.25,5210.0,227.67
2019-08-08,223.93,5268.0,231.21
2019-08-09,220.67,5287.0,229.96
2019-08-12,222.3,5320.0,230.24
2019-08-13,223.18,5276.0,229.87
2019-08-14,217.11,5106.5,227.1
2019-08-15,214.59,5023.5,227.15
2019-08-16,215.05,5000.0,224.71
2019-08-19,217.4,5240.0,226.8
2019-08-20,216.0,5326.5,231.54
2019-08-21,218.62,5278.0,231.22
2019-08-22,219.5,5275.0,232.06
2019-08-23,219.5,5183.5,229.35
2019-08-26,218.5,5115.0,228.9
2019-08-27,217.89,5086.5,227.0
2019-08-28,218.3,5195.0,228.48
2019-08-29,221.5,5356.0,233.2
2019-08-30,224.2,5379.5,232.15
2019-09-02,226.68,5475.0,233.67
2019-09-03,224.0,5419.0,231.02
2019-09-04,227.1,5450.0,233.71
2019-09-05,230.79,5524.5,236.18
2019-09-06,229.02,5526.5,234.49
2019-09-09,229.0,5500.0,234.85
2019-09-10,233.3,5476.0,233.0
2019-09-11,234.72,5540.0,235.07
2019-09-12,234.57,5429.5,232.88
2019-09-13,233.0,5377.5,232.5
2019-09-16,235.32,5559.0,234.88
2019-09-17,235.89,5472.5,233.58
2019-09-18,235.3,5467.0,233.46
2019-09-19,234.98,5391.0,230.52
2019-09-20,232.0,5489.0,230.41
2019-09-23,229.7,5420.0,230.36
2019-09-24,227.5,5337.5,227.7
2019-09-25,228.09,5343.5,228.43
2019-09-26,229.09,5387.5,231.97
2019-09-27,228.05,5405.0,229.01
2019-09-30,227.71,5387.5,225.9
2019-10-01,226.49,5530.0,226.49
2019-10-02,223.5,5410.0,223.6
2019-10-03,224.08,5362.5,223.1
2019-10-04,222.76,5335.0,221.66
2019-10-07,227.55,5367.0,226.36
2019-10-08,226.03,5320.0,223.2
2019-10-09,227.7,5304.0,223.18
2019-10-10,228.5,5318.5,224.5
2019-10-11,230.31,5425.0,227.37
2019-10-14,228.4,5450.0,226.0
2019-10-15,229.4,5601.5,226.0
2019-10-16,231.0,5710.0,227.7
2019-10-17,233.5,5715.0,228.0
2019-10-18,235.55,5720.0,228.0
2019-10-21,234.94,5768.0,228.54
2019-10-22,239.77,5860.5,235.36
2019-10-23,239.57,5976.0,236.2
2019-10-24,242.78,6150.0,243.94
2019-10-25,240.0,6117.5,246.71
2019-10-28,237.03,5916.0,244.4
2019-10-29,240.11,5820.0,253.1
2019-10-30,239.51,5850.0,261.6
2019-10-31,234.89,5919.5,260.0
2019-11-01,236.4,6021.0,263.79
2019-11-05,238.53,6008.0,263.0
2019-11-06,239.02,6140.0,266.98
2019-11-07,242.5,6133.5,270.74
2019-11-08,240.17,6040.0,266.0
2019-11-11,241.5,6048.0,260.4
2019-11-12,239.87,6033.0,257.25
2019-11-13,237.21,6050.0,251.8
2019-11-14,237.5,6084.5,248.34
2019-11-15,240.0,6161.0,248.01
2019-11-18,237.45,6077.0,246.15
2019-11-19,239.25,6090.0,248.01
2019-11-20,237.78,6084.5,248.0
2019-11-21,237.15,6087.5,254.35
2019-11-22,238.13,6120.0,251.99
2019-11-25,237.98,6103.0,255.2
2019-11-26,235.0,6060.0,254.0
2019-11-27,234.22,6065.0,253.89
2019-11-28,235.2,6120.0,254.0
2019-11-29,233.98,6137.5,257.54
2019-12-02,233.77,6159.5,254.05
2019-12-03,230.66,6040.0,247.93
2019-12-04,231.59,6073.0,248.93
2019-12-05,231.71,6121.5,246.36
2019-12-06,235.14,6220.0,247.83
2019-12-09,237.04,6182.0,248.7
2019-12-10,237.91,6095.0,246.9
2019-12-11,240.32,6110.0,247.34
2019-12-12,241.05,6136.0,250.48
2019-12-13,241.21,6168.0,249.5
2019-12-16,241.45,6190.0,250.78
2019-12-17,241.6,6226.0,252.05
2019-12-18,246.2,6250.5,251.29
2019-12-19,244.0,6079.0,251.4
2019-12-20,244.71,6079.5,255.5
2019-12-23,248.8,6082.0,255.0
2019-12-24,248.67,6080.5,254.87
2019-12-25,248.04,6081.0,253.25
2019-12-26,248.24,6085.0,254.1
2019-12-27,252.06,6150.0,257.11
2019-12-30,254.75,6169.0,256.4
2020-01-03,255.0,6294.0,259.0
2020-01-06,253.9,6382.0,256.55
2020-01-08,259.15,6496.5,255.79
2020-01-09,257.99,6430.0,254.07
2020-01-10,258.19,6490.0,251.9
2020-01-13,262.4,6530.0,251.5
2020-01-14,259.05,6520.5,250.0
2020-01-15,256.31,6552.5,251.3
2020-01-16,257.51,6590.0,254.26
2020-01-17,262.5,6685.0,255.39
2020-01-20,266.28,6717.0,253.5
2020-01-21,268.06,6708.5,252.99
2020-01-22,266.54,6655.5,248.1
2020-01-23,263.73,6590.0,239.3
2020-01-24,265.49,6620.0,237.95
2020-01-27,255.32,6545.0,230.96
2020-01-28,257.7,6650.0,235.0
2020-01-29,259.94,6633.0,232.0
2020-01-30,257.31,6443.5,231.53
2020-01-31,252.2,6550.5,226.7
2020-02-03,253.99,6594.5,227.64
2020-02-04,255.4,6500.0,230.5
2020-02-05,255.2,6550.5,232.56
2020-02-06,252.11,6506.5,231.38
2020-02-07,254.3,6450.5,229.11
2020-02-10,252.26,6410.0,225.2
2020-02-11,254.5,6397.5,233.9
2020-02-12,254.5,6466.0,238.03
2020-02-13,253.89,6470.5,233.55
2020-02-14,251.75,6451.0,232.5
2020-02-17,251.36,6463.0,233.75
2020-02-18,249.2,6378.5,230.5
2020-02-19,249.7,6509.0,231.9
2020-02-20,250.15,6543.5,234.6
2020-02-21,250.8,6450.0,232.0
2020-02-25,245.19,6165.0,224.68
2020-02-26,250.8,6256.5,224.76
2020-02-27,242.88,6000.0,217.5
2020-02-28,233.36,5699.5,202.65
2020-03-02,228.17,5550.0,198.78
2020-03-03,236.63,5782.0,201.48
2020-03-04,235.27,5908.5,200.0
2020-03-05,232.33,5862.5,198.0
2020-03-06,219.99,5592.0,188.27
2020-03-10,201.2,4549.0,171.0
2020-03-11,194.53,4908.0,172.03
2020-03-12,175.91,4511.5,163.73
2020-03-13,198.6,4414.0,166.1
2020-03-16,195.85,4251.0,168.07
2020-03-17,184.01,4168.5,167.0
2020-03-18,174.27,3754.0,166.34
2020-03-19,189.51,4333.0,174.56
2020-03-20,195.69,4472.5,176.26
2020-03-23,183.37,4175.5,168.35
2020-03-24,192.64,4494.0,177.95
2020-03-25,188.08,4590.0,180.2
2020-03-26,188.07,4700.0,181.5
2020-03-27,180.38,4430.0,174.5
2020-03-30,183.0,4459.0,176.44
2020-03-31,187.21,4715.0,181.41
2020-04-01,184.78,4674.5,180.06
2020-04-02,186.95,5050.0,187.04
2020-04-03,185.64,5204.5,189.77
2020-04-06,190.7,5163.0,191.1
2020-04-07,197.63,5118.0,191.22
2020-04-08,200.29,5140.0,194.11
2020-04-09,203.61,5201.0,193.86
2020-04-10,201.99,5130.0,192.0
2020-04-13,198.26,5040.0,188.07
2020-04-14,197.37,4844.0,190.11
2020-04-15,186.07,4484.0,184.25
2020-04-16,188.5,4561.5,184.3
2020-04-17,191.8,4620.0,184.68
2020-04-20,189.32,4522.5,185.51
2020-04-21,186.05,4475.0,181.92
2020-04-22,190.2,4810.5,188.36
2020-04-23,190.94,4902.5,188.73
2020-04-24,188.91,4745.5,185.71
2020-04-27,188.9,4650.0,186.29
2020-04-28,192.8,4738.5,188.5
2020-04-29,195.8,4897.0,193.87
2020-04-30,197.25,4826.5,190.0
2020-05-04,193.69,4848.5,185.7
2020-05-05,194.75,4975.0,190.0
2020-05-06,195.7,4857.5,187.05
2020-05-07,195.51,4839.0,185.85
2020-05-08,196.02,4832.0,185.34
2020-05-12,191.4,4897.5,186.17
2020-05-13,187.31,4819.0,184.2
2020-05-14,183.81,4870.0,183.91
2020-05-15,183.85,4874.5,183.85
2020-05-18,188.93,5170.5,192.5
2020-05-19,189.0,5272.0,194.2
2020-05-20,193.98,5450.0,196.74
2020-05-21,192.4,5286.0,194.74
2020-05-22,188.9,5317.0,194.35
2020-05-25,191.0,5412.5,197.55
2020-05-26,194.0,5445.0,196.86
2020-05-27,198.51,5352.5,194.73
2020-05-28,205.0,5392.0,196.86
2020-05-29,200.5,5242.5,199.95
2020-06-01,203.66,5318.0,198.72
2020-06-02,212.0,5400.0,201.97
2020-06-03,221.5,5549.5,208.0
2020-06-04,213.1,5430.0,201.46
2020-06-05,219.1,5460.0,203.05
2020-06-08,220.3,5372.0,204.91
2020-06-09,217.23,5425.0,204.84
2020-06-10,212.53,5342.0,201.75
2020-06-11,208.35,5350.0,196.74
2020-06-15,207.32,5264.0,194.2
2020-06-16,207.76,5392.0,196.59
2020-06-17,208.14,5343.0,195.86
2020-06-18,203.77,5347.0,193.0
2020-06-19,207.0,5460.0,195.81
2020-06-22,206.4,5469.0,194.3
2020-06-23,207.3,5452.0,194.83
2020-06-25,206.92,5394.0,192.25
2020-06-26,203.15,5321.5,193.0
2020-06-29,205.8,5315.0,197.94
2020-06-30,203.22,5313.0,194.31
2020-07-02,209.6,5416.0,195.28
2020-07-03,210.95,5416.5,197.2
2020-07-06,214.61,5483.5,199.99
2020-07-07,210.53,5464.0,197.96
2020-07-08,210.97,5457.0,201.17
2020-07-09,209.11,5087.0,199.44
2020-07-10,212.28,5098.0,200.94
2020-07-13,208.39,4926.5,195.7
2020-07-14,209.5,4884.0,193.6
2020-07-15,211.09,4949.5,182.26
2020-07-16,211.35,4944.5,183.32
2020-07-17,210.81,4946.5,184.65
2020-07-20,213.89,4937.0,188.36
2020-07-21,215.73,4953.0,186.78
2020-07-22,216.71,5037.0,187.15
2020-07-23,215.41,4974.0,184.69
2020-07-24,215.97,4987.0,185.45
2020-07-27,216.9,5013.5,185.03
2020-07-28,215.53,5023.0,184.3
2020-07-29,219.18,5184.5,184.69
2020-07-30,218.15,5115.0,182.52
2020-07-31,221.57,5087.5,182.59
2020-08-03,226.72,5037.0,183.6
2020-08-04,227.16,5038.5,183.31
2020-08-05,226.4,5136.0,189.15
2020-08-06,226.0,5130.0,189.07
2020-08-07,227.28,5088.0,187.23
2020-08-10,225.99,5112.0,187.7
2020-08-11,232.65,5170.0,189.7
2020-08-12,242.4,5303.0,192.8
2020-08-13,241.39,5312.0,193.76
2020-08-14,239.99,5284.5,192.83
2020-08-17,237.8,5281.5,190.47
2020-08-18,236.3,5268.5,190.3
2020-08-19,239.4,5246.5,189.26
2020-08-20,232.48,5137.5,186.95
2020-08-21,231.22,5092.5,184.51
2020-08-24,231.81,5186.0,187.1
2020-08-25,228.08,5220.0,186.25
2020-08-26,227.8,5278.0,187.48
2020-08-27,226.23,5174.0,184.58
2020-08-28,226.3,5082.0,182.9
2020-08-31,226.1,4991.0,181.01
2020-09-01,227.64,4949.0,184.22
2020-09-02,222.57,4852.0,181.95
2020-09-03,218.32,4814.0,179.13
2020-09-04,222.21,4858.0,179.55
2020-09-07,221.32,4795.0,177.04
2020-09-08,217.68,4719.5,172.95
2020-09-09,218.0,4709.0,173.69
2020-09-10,220.6,4661.0,173.8
2020-09-11,221.07,4725.5,178.05
2020-09-14,227.37,4752.5,178.19
2020-09-15,231.5,4876.0,182.22
2020-09-16,231.06,4863.5,183.26
2020-09-17,231.46,4793.5,183.9
2020-09-18,230.3,4677.0,181.52
2020-09-21,226.25,4511.0,177.17
2020-09-22,229.88,4529.0,179.0
2020-09-23,228.5,4456.0,177.0
2020-09-24,228.17,4563.0,174.23
2020-09-25,228.24,4560.0,173.77
2020-09-28,228.63,4627.0,172.74
2020-09-29,225.48,4508.5,171.44
2020-09-30,229.14,4470.0,169.97
2020-10-01,227.23,4408.5,168.4
2020-10-02,208.8,4379.0,169.47
2020-10-05,208.89,4479.0,170.64
2020-10-06,211.18,4519.5,171.35
2020-10-07,210.6,4474.0,168.23
2020-10-08,207.97,4498.0,167.43
2020-10-09,205.38,4451.5,166.97
2020-10-12,206.18,4445.0,169.05
2020-10-13,205.03,4374.5,166.37
2020-10-14,207.83,4364.5,167.24
2020-10-15,203.85,4271.0,167.16
2020-10-16,201.17,4253.0,163.98
2020-10-19,202.78,4194.0,163.6
2020-10-20,209.54,4270.0,166.53
2020-10-21,210.33,4211.5,164.37
2020-10-22,210.21,4307.5,165.27
2020-10-23,214.5,4325.0,164.96
2020-10-26,211.1,4223.0,162.17
2020-10-27,207.64,4123.5,159.21
2020-10-28,204.73,4012.5,154.3
2020-10-29,205.58,4057.5,156.74
2020-10-30,200.99,4050.0,154.28
2020-11-02,204.5,4162.0,157.74
2020-11-03,209.2,4252.0,161.09
2020-11-05,216.7,4321.5,163.7
2020-11-06,217.5,4396.0,164.92
2020-11-09,228.05,4755.0,170.13
2020-11-10,236.1,4884.5,172.92
2020-11-11,244.2,4945.0,170.53
2020-11-12,242.08,4853.0,172.91
2020-11-13,242.99,4879.0,180.3
2020-11-16,247.99,4932.5,185.32
2020-11-17,245.7,4864.0,182.9
2020-11-18,242.71,4890.0,185.0
2020-11-19,240.27,4916.0,184.16
2020-11-20,239.42,4948.5,183.21
2020-11-23,239.7,5026.5,184.15
2020-11-24,247.33,5179.5,186.76
2020-11-25,251.91,5392.5,188.03
2020-11-26,250.1,5243.0,185.52
2020-11-27,251.59,5260.0,185.9
2020-11-30,249.63,5063.0,181.89
2020-12-01,260.81,5058.5,185.34
2020-12-02,264.06,5167.0,187.22
2020-12-03,263.14,5053.0,185.12
2020-12-04,270.0,5122.0,188.79
2020-12-07,274.36,5039.5,190.76
2020-12-08,275.49,4994.0,190.0
2020-12-09,276.89,5023.0,189.35
2020-12-10,282.2,5287.0,192.95
2020-12-11,283.73,5380.0,201.5
2020-12-14,279.95,5325.0,199.91
2020-12-15,278.7,5297.5,201.0
2020-12-16,278.35,5174.0,206.2
2020-12-17,278.5,5188.0,214.52
2020-12-18,270.16,5140.0,212.69
2020-12-21,261.79,5095.5,203.46
2020-12-22,262.04,5073.0,208.4
2020-12-23,270.1,5107.0,207.63
2020-12-24,269.32,5105.5,206.24
2020-12-25,270.64,5106.0,205.03
2020-12-28,274.7,5101.5,206.11
2020-12-29,272.0,5143.0,208.75
2020-12-30,271.65,5169.5,212.98
2021-01-04,272.0,5212.5,212.71
2021-01-05,275.2,5358.5,215.32
2021-01-06,272.93,5376.5,214.38
2021-01-08,283.64,5556.5,225.49
2021-01-11,289.49,5599.0,227.6
2021-01-12,289.99,5721.0,228.69
2021-01-13,283.78,5755.0,226.8
2021-01-14,284.79,5937.0,228.86
2021-01-15,276.9,5888.5,226.5
2021-01-18,279.79,5873.0,226.88
2021-01-19,278.19,5892.0,223.15
2021-01-20,279.8,5864.0,224.3
2021-01-21,274.4,5771.0,217.28
2021-01-22,268.25,5740.5,215.49
2021-01-25,265.3,5722.0,218.68
2021-01-26,269.34,5595.5,218.8
2021-01-27,265.5,5499.5,217.4
2021-01-28,265.96,5575.0,217.7
2021-01-29,258.11,5377.0,212.83
2021-02-01,263.8,5406.0,214.66
2021-02-02,263.15,5516.0,214.42
2021-02-03,263.53,5555.0,218.1
2021-02-04,270.11,5699.5,219.79
2021-02-05,271.7,5715.0,222.01
2021-02-08,275.2,5758.0,228.0
2021-02-09,268.98,5695.0,227.73
2021-02-10,265.9,5594.5,223.24
2021-02-11,264.7,5641.5,221.35
2021-02-12,266.0,5756.0,226.71
2021-02-15,271.81,5909.5,229.22
2021-02-16,270.9,5868.5,232.46
2021-02-17,270.9,5768.5,229.14
2021-02-18,266.99,5615.0,224.47
2021-02-19,271.34,5656.0,226.0
2021-02-20,270.51,5633.0,225.84
2021-02-22,273.71,5786.0,225.63
2021-02-24,271.9,5788.5,222.55
2021-02-25,270.71,5740.5,221.7
2021-02-26,270.17,5575.5,217.56
2021-03-01,273.58,5634.0,221.47
2021-03-02,279.1,5648.5,222.74
2021-03-03,278.01,5701.0,222.15
2021-03-04,274.75,5806.0,221.14
2021-03-05,277.5,6236.0,227.0
2021-03-09,285.79,6305.0,232.1
2021-03-10,282.24,6127.5,231.69
2021-03-11,286.0,6339.0,232.47
2021-03-12,284.93,6356.0,233.8
2021-03-15,292.74,6472.5,237.79
2021-03-16,292.33,6445.0,234.02
2021-03-17,283.35,6363.0,229.9
2021-03-18,279.25,6083.0,224.35
2021-03-19,285.47,6078.0,225.4
2021-03-22,288.65,6118.0,221.88
2021-03-23,282.6,5961.0,221.62
2021-03-24,285.79,6162.5,223.65
2021-03-25,286.66,6182.0,224.84
2021-03-26,291.22,6283.0,227.3
2021-03-29,293.3,6257.5,228.74
2021-03-30,293.25,6155.0,225.93
2021-03-31,291.02,6111.5,227.24
2021-04-01,290.24,6112.0,226.94
2021-04-02,291.7,6108.5,228.4
2021-04-05,288.78,5990.5,225.06
2021-04-06,281.5,5891.0,222.95
2021-04-07,283.98,5978.0,224.51
2021-04-08,283.89,6008.5,224.3
2021-04-09,281.07,5933.0,222.15
2021-04-12,281.75,6020.0,222.87
2021-04-13,287.95,6044.5,227.99
2021-04-14,287.18,6134.0,235.32
2021-04-15,283.72,6054.5,234.63
2021-04-16,288.5,6066.0,235.1
2021-04-19,287.72,6007.0,231.17
2021-04-20,287.42,5897.0,230.0
2021-04-21,289.25,5946.0,230.84
2021-04-22,292.18,5999.0,230.93
2021-04-23,293.19,5950.0,232.62
2021-04-26,295.27,5919.0,233.23
2021-04-27,298.5,5903.5,232.0
2021-04-28,298.49,5901.0,232.96
2021-04-29,297.1,5926.0,230.51
2021-04-30,297.73,5805.0,231.38
2021-05-04,303.7,5991.0,233.8
2021-05-05,305.99,6122.0,237.5
2021-05-06,314.72,6087.0,243.0
2021-05-07,317.94,6088.0,241.7
2021-05-10,320.19,6118.0,241.41
2021-05-11,307.16,6021.0,242.5
2021-05-12,302.02,6119.0,241.79
2021-05-13,306.74,6040.0,247.16
2021-05-14,304.1,6050.0,249.55
2021-05-17,303.94,5976.0,255.15
2021-05-18,305.78,5994.0,266.22
2021-05-19,297.0,5862.5,260.9
2021-05-20,296.72,5711.0,259.16
2021-05-21,301.23,5800.5,258.0
2021-05-24,300.7,5818.0,261.24
2021-05-25,306.8,5913.0,259.79
2021-05-26,307.01,6016.5,263.09
2021-05-27,312.72,5992.0,262.96
2021-05-28,309.56,5955.0,262.0
2021-05-31,310.79,5993.0,261.03
2021-06-01,311.6,6210.0,263.86
2021-06-02,313.98,6428.0,271.15
2021-06-03,312.41,6474.5,272.1
2021-06-04,310.94,6511.0,274.3
2021-06-07,315.53,6555.0,275.67
2021-06-08,314.83,6504.5,275.36
2021-06-09,314.78,6587.0,275.65
2021-06-10,314.62,6570.0,276.1
2021-06-11,313.0,6518.5,277.05
2021-06-14,314.12,6515.0,279.5
2021-06-15,312.51,6504.5,272.72
2021-06-16,311.61,6591.5,271.8
2021-06-17,313.9,6669.5,272.5
2021-06-18,309.3,6653.0,270.06
2021-06-21,310.4,6697.0,272.62
2021-06-22,309.73,6715.5,277.0
2021-06-23,309.79,6633.0,277.35
2021-06-24,310.0,6725.0,277.47
2021-06-25,311.81,6810.0,277.19
2021-06-28,309.48,6759.0,276.99
2021-06-29,306.1,6685.0,276.8
2021-06-30,306.45,6762.5,281.8
2021-07-01,305.78,7010.0,285.74
2021-07-02,307.39,6849.0,285.65
2021-07-05,307.0,6845.0,291.1
2021-07-06,303.34,6829.0,293.45
2021-07-07,304.06,6782.0,297.39
2021-07-08,302.63,6684.0,292.86
2021-07-09,303.56,6655.0,295.22
2021-07-12,306.23,6611.0,297.39
2021-07-13,303.0,6637.0,293.83
2021-07-14,301.5,6566.0,284.6
2021-07-15,301.72,6430.5,280.01
2021-07-16,298.85,6362.0,279.65
2021-07-19,291.46,6228.0,275.51
2021-07-20,296.1,6307.5,277.3
2021-07-21,294.86,6393.0,282.9
2021-07-22,297.27,6456.0,283.28
2021-07-23,296.38,6433.5,279.51
2021-07-26,303.34,6405.0,281.05
2021-07-27,299.71,6332.5,278.08
2021-07-28,302.9,6415.0,282.2
2021-07-29,303.12,6416.0,287.0
2021-07-30,305.59,6299.0,287.35
2021-08-02,306.51,6308.0,286.75
2021-08-03,309.89,6297.0,287.09
2021-08-04,311.1,6235.0,287.94
2021-08-05,315.82,6312.0,285.95
2021-08-06,319.15,6236.0,282.27
2021-08-09,326.91,6290.0,286.68
2021-08-10,330.11,6423.5,288.61
2021-08-11,329.9,6450.0,290.35
2021-08-12,328.57,6504.5,293.23
2021-08-13,328.68,6429.5,292.7
2021-08-16,329.36,6495.5,295.1
2021-08-17,334.5,6567.5,298.32
2021-08-18,334.9,6445.0,295.05
2021-08-19,332.69,6332.0,293.68
2021-08-20,325.67,6339.5,292.57
2021-08-23,329.22,6475.5,297.69
2021-08-24,324.83,6488.0,298.7
2021-08-25,324.57,6431.0,296.7
2021-08-26,322.54,6343.5,294.34
2021-08-27,327.41,6429.5,299.66
2021-08-30,328.28,6439.0,305.17
2021-08-31,327.94,6283.5,305.65
2021-09-01,334.57,6334.0,312.89
2021-09-02,329.0,6350.5,312.3
2021-09-03,329.71,6330.0,317.94
2021-09-06,329.37,6325.0,328.93
2021-09-07,325.96,6280.0,327.73
2021-09-08,331.7,6341.5,327.6
2021-09-09,326.01,6269.5,324.57
2021-09-10,326.25,6300.0,326.43
2021-09-13,327.41,6420.5,332.75
2021-09-14,326.48,6570.0,338.98
2021-09-15,333.51,6724.5,343.34
2021-09-16,326.99,6664.0,338.5
2021-09-17,329.56,6600.5,334.5
2021-09-20,326.92,6551.0,325.7
2021-09-21,323.25,6605.0,335.3
2021-09-22,327.8,6702.0,340.59
2021-09-23,327.02,6801.0,343.47
2021-09-24,325.44,6825.0,344.29
2021-09-27,331.68,6986.0,355.19
2021-09-28,329.3,6968.0,354.07
2021-09-29,328.43,6992.0,360.88
2021-09-30,340.99,6903.5,360.8
2021-10-01,338.48,6987.5,363.25
2021-10-04,345.85,7134.5,376.06
2021-10-05,363.2,7346.5,389.82
2021-10-06,364.28,7096.0,381.3
2021-10-07,368.93,7165.0,370.7
2021-10-08,373.01,7220.0,366.17
2021-10-11,387.6,7264.0,369.81
2021-10-12,377.79,7306.0,364.1
2021-10-13,378.8,7252.0,362.77
2021-10-14,376.09,7215.0,367.0
2021-10-15,371.82,7306.5,367.76
2021-10-18,364.6,7319.0,363.5
2021-10-19,373.18,7373.0,368.83
2021-10-20,370.16,7439.0,369.97
2021-10-21,364.6,7232.0,363.37
2021-10-22,364.37,7200.0,358.12
2021-10-25,369.99,7441.5,364.84
2021-10-26,372.16,7440.5,364.82
2021-10-27,371.36,7323.5,362.17
2021-10-28,365.36,7288.5,353.21
2021-10-29,356.14,7272.5,350.18
2021-11-01,370.96,7293.0,359.1
2021-11-02,370.7,7214.0,352.48
2021-11-03,370.13,7175.0,353.02
2021-11-05,360.21,7199.0,350.6
2021-11-08,358.39,7208.5,351.47
2021-11-09,357.44,7188.0,349.46
2021-11-10,348.65,7137.5,345.8
2021-11-11,356.24,7094.5,347.44
2021-11-12,347.59,6878.0,333.6
2021-11-15,344.39,6918.5,340.3
2021-11-16,337.91,6946.5,336.79
2021-11-17,339.89,6884.5,349.98
2021-11-18,336.93,6840.0,345.56
2021-11-19,327.56,6709.0,337.62
2021-11-22,309.15,6575.5,319.2
2021-11-23,326.84,6829.5,341.77
2021-11-24,321.22,6814.5,338.3
2021-11-25,317.29,6661.5,337.55
2021-11-26,304.42,6374.0,326.0
2021-11-29,316.57,6616.0,339.2
2021-11-30,315.0,6513.0,334.24
2021-12-01,324.4,6576.5,345.21
2021-12-02,326.8,6732.0,350.3
2021-12-03,320.66,6639.5,345.99
2021-12-06,307.5,6650.0,338.94
2021-12-07,309.79,6720.5,344.96
2021-12-08,296.95,6574.5,340.5
2021-12-09,300.4,6619.0,336.6
2021-12-10,297.44,6619.5,332.0
2021-12-13,280.64,6376.0,307.26
2021-12-14,284.9,6592.0,319.35
2021-12-15,286.65,6595.0,324.09
2021-12-16,295.89,6729.0,328.39
2021-12-17,294.9,6670.0,327.3
2021-12-20,288.4,6328.5,325.9
2021-12-21,291.7,6348.5,339.88
2021-12-22,294.0,6349.5,345.55
2021-12-23,292.8,6304.5,339.81
2021-12-24,293.89,6313.5,338.79
2021-12-27,295.68,6397.5,343.97
2021-12-28,295.0,6478.0,343.23
2021-12-29,293.51,6516.0,340.33
2021-12-30,293.49,6573.0,342.39
2022-01-03,305.47,6683.0,353.73
2022-01-04,304.24,6728.0,352.55
2022-01-05,287.01,6522.0,335.0
2022-01-06,293.92,6699.0,346.13
2022-01-10,291.69,6775.0,344.0
2022-01-11,291.88,6816.0,343.74
2022-01-12,290.4,6960.0,347.43
2022-01-13,272.5,6665.0,337.6
2022-01-14,261.0,6659.0,335.76
2022-01-17,257.78,6516.0,327.81
2022-01-18,234.7,6250.0,301.11
2022-01-19,244.86,6494.0,318.36
2022-01-20,254.61,6430.0,310.42
2022-01-21,246.9,6420.0,311.6
2022-01-24,236.97,6293.0,294.59
2022-01-25,239.59,6543.0,302.96
2022-01-26,236.9,6525.5,299.6
2022-01-27,254.29,6811.5,325.25
2022-01-28,257.82,6775.0,329.58
2022-01-31,269.42,6878.0,334.8
2022-02-01,264.7,6976.0,330.95
2022-02-02,261.0,7040.0,331.7
2022-02-03,250.79,6865.5,323.75
2022-02-04,256.53,7010.0,324.6
2022-02-07,257.61,6988.0,321.25
2022-02-08,269.8,6957.5,331.7
2022-02-09,279.09,6973.5,335.08
2022-02-10,275.2,6984.5,328.93
2022-02-11,260.83,6707.5,318.1
2022-02-14,256.7,6796.0,321.85
2022-02-15,274.0,6979.0,333.6
2022-02-16,277.78,6970.0,336.5
2022-02-17,260.58,6733.0,323.51
2022-02-18,250.28,6456.5,309.48
2022-02-21,201.0,5810.0,257.3
2022-02-22,208.53,6020.0,283.51
2022-02-24,132.18,4650.0,210.0
2022-02-25,131.12,4915.0,228.0
2022-03-24,136.24,5525.0,258.51
2022-03-25,131.5,5206.0,227.0
2022-03-28,125.0,5118.0,218.6
2022-03-29,128.77,4922.0,208.0
2022-03-30,134.6,5140.0,216.0
2022-03-31,143.69,5680.0,242.48
2022-04-01,154.5,5601.0,251.4
2022-04-04,166.0,5557.0,252.9
2022-04-05,154.1,5314.0,243.5
2022-04-06,141.6,5266.0,239.7
2022-04-07,147.5,5280.0,245.0
2022-04-08,143.72,5226.5,241.07
2022-04-11,138.69,5190.0,234.55
2022-04-12,135.38,5145.0,236.3
2022-04-13,135.5,5106.0,234.87
2022-04-14,129.05,4879.5,222.11
2022-04-15,130.88,4893.0,224.0
2022-04-18,123.85,4549.0,216.99
2022-04-19,120.3,4485.0,220.72
2022-04-20,121.5,4310.0,218.92
2022-04-21,118.65,3974.0,210.29
2022-04-22,116.97,3828.0,208.0
2022-04-25,111.9,3931.0,206.35
2022-04-26,122.36,4292.0,225.85
2022-04-27,131.11,4550.0,237.15
2022-04-28,123.85,4381.0,237.53
2022-04-29,128.8,4699.5,240.4
2022-05-04,123.2,4552.0,234.16
2022-05-05,124.8,4675.0,238.6
2022-05-06,123.1,4635.5,240.1
2022-05-11,123.34,4600.0,241.99
2022-05-12,119.15,4362.5,230.56
2022-05-13,120.2,4380.0,235.52
2022-05-16,123.41,4523.5,244.2
2022-05-17,127.75,4500.0,258.8
2022-05-18,125.12,4483.5,264.84
2022-05-19,125.6,4415.5,266.68
2022-05-20,122.2,4279.0,263.0
2022-05-23,119.46,4050.0,263.0
2022-05-24,123.6,3942.0,265.8
2022-05-25,124.15,4148.0,271.4
2022-05-26,123.0,4263.0,295.89
2022-05-27,121.22,4290.0,294.5
2022-05-30,120.67,4220.0,300.8
2022-05-31,118.3,4061.5,293.75
2022-06-01,121.97,4074.0,297.69
2022-06-02,119.0,4035.0,296.0
2022-06-03,119.21,3980.5,297.0
2022-06-06,118.78,3940.0,296.5
2022-06-07,118.32,3959.5,297.99
2022-06-08,119.9,3945.5,308.0
2022-06-09,118.2,3876.0,306.5
2022-06-10,118.07,3898.0,309.2
2022-06-14,118.98,3891.5,317.69
2022-06-15,121.14,4115.0,316.2
2022-06-16,123.73,4261.5,316.99
2022-06-17,123.88,4182.0,315.5
2022-06-20,131.29,4209.5,311.98
2022-06-21,129.1,4045.0,301.58
2022-06-22,133.11,4139.0,295.8
2022-06-23,136.85,4150.0,303.5
2022-06-24,137.76,4100.0,296.0
2022-06-27,141.15,4100.0,296.2
2022-06-28,139.99,3989.5,297.2
2022-06-29,132.8,4015.0,297.65
2022-06-30,125.2,3905.0,207.0
2022-07-01,129.91,3944.0,192.5
2022-07-04,131.43,3949.5,186.25
2022-07-05,133.5,4015.0,197.3
2022-07-06,134.0,3962.0,195.42
2022-07-07,133.09,3956.0,197.92
2022-07-08,133.3,3911.0,198.0
2022-07-11,126.8,3848.5,188.9
2022-07-12,129.0,3752.0,191.4
2022-07-13,126.0,3645.5,186.0
2022-07-14,125.9,3608.0,184.55
2022-07-15,128.9,3709.0,187.61
2022-07-18,128.11,3645.0,186.7
2022-07-19,127.76,3600.0,189.51
2022-07-20,126.44,3580.0,193.3
2022-07-21,125.48,3539.5,189.59
2022-07-22,128.82,3688.0,192.25
2022-07-25,131.45,3669.0,192.0
2022-07-26,132.9,3825.0,193.95
2022-07-27,132.5,3847.5,196.49
2022-07-28,131.72,3831.0,196.25
2022-07-29,131.9,3877.0,195.26
2022-08-01,127.34,3931.0,192.0
2022-08-02,127.53,3823.0,187.16
2022-08-03,126.85,3799.0,187.04
2022-08-04,126.95,3720.0,184.9
2022-08-05,122.4,3679.5,176.58
2022-08-08,123.81,3720.0,177.86
2022-08-09,126.4,3895.0,181.04
2022-08-10,126.2,3890.0,178.81
2022-08-11,123.45,3925.0,174.1
2022-08-12,124.88,3940.5,174.36
2022-08-15,125.0,3959.0,174.8
2022-08-16,126.39,4018.0,181.3
2022-08-17,124.5,3907.0,176.5
2022-08-18,126.3,3920.0,178.87
2022-08-19,125.2,3972.0,177.6
2022-08-22,126.06,4017.0,181.7
2022-08-23,130.38,4098.0,184.3
2022-08-24,128.15,4117.0,182.83
2022-08-25,128.18,4055.0,181.9
2022-08-26,130.4,4115.0,183.62
2022-08-29,131.17,4186.0,190.0
2022-08-30,130.05,4140.0,204.0
2022-08-31,134.25,4270.0,254.9
2022-09-01,138.2,4722.0,249.11
2022-09-02,143.8,4595.0,252.8
2022-09-05,141.0,4658.0,250.0
2022-09-06,137.23,4545.0,246.0
2022-09-07,136.86,4420.0,241.55
2022-09-08,134.51,4410.0,243.95
2022-09-09,138.15,4470.0,245.34
2022-09-12,138.7,4560.0,243.3
2022-09-13,137.0,4542.5,242.64
2022-09-14,138.9,4472.0,243.32
2022-09-15,139.48,4530.0,243.68
2022-09-16,137.73,4519.0,243.8
2022-09-19,138.04,4496.0,244.21
2022-09-20,125.1,4055.0,221.15
2022-09-21,120.23,3955.0,214.07
2022-09-22,124.31,4011.0,231.45
2022-09-23,119.39,3948.5,224.84
2022-09-26,107.06,3708.0,206.0
2022-09-27,112.92,3865.0,217.3
2022-09-28,111.06,3907.5,217.38
2022-09-29,110.41,3882.5,226.46
2022-09-30,110.21,3965.0,217.7
2022-10-03,114.35,4077.0,215.83
2022-10-04,110.55,4094.0,210.72
2022-10-05,108.51,4102.5,209.05
2022-10-06,108.24,4041.0,212.86
2022-10-07,101.5,3875.0,195.15
2022-10-10,106.71,4035.0,163.89
2022-10-11,107.72,4170.0,162.89
2022-10-12,105.9,4149.0,161.8
2022-10-13,106.5,4185.5,160.84
2022-10-14,107.78,4139.0,159.6
2022-10-17,112.44,4212.5,163.24
2022-10-18,110.88,4240.0,160.2
2022-10-19,112.39,4204.5,161.29
2022-10-20,116.98,4380.5,160.75
2022-10-21,119.45,4433.0,166.99
2022-10-24,118.8,4439.5,165.47
2022-10-25,124.36,4569.5,172.38
2022-10-26,124.43,4613.5,171.98
2022-10-27,126.61,4724.0,172.47
2022-10-28,126.97,4700.5,170.73
2022-10-31,126.72,4695.5,170.27
2022-11-01,127.05,4700.0,169.92
2022-11-02,125.49,4670.0,167.72
2022-11-03,125.75,4687.0,169.14
2022-11-07,132.0,4723.5,169.85
2022-11-08,131.29,4697.5,169.97
2022-11-09,127.3,4632.0,167.1
2022-11-10,136.68,4681.0,168.9
2022-11-11,136.98,4670.0,169.86
2022-11-14,139.8,4658.5,169.6
2022-11-15,135.66,4565.0,166.25
2022-11-16,139.18,4661.5,168.76
2022-11-17,137.57,4621.0,168.99
2022-11-18,136.89,4623.0,168.79
2022-11-21,134.46,4605.5,168.13
2022-11-22,135.65,4618.0,168.08
2022-11-23,136.59,4679.0,169.15
2022-11-24,136.61,4664.0,168.96
2022-11-25,136.53,4669.0,169.03
2022-11-28,135.53,4624.0,168.1
2022-11-29,136.37,4602.0,168.1
2022-11-30,136.78,4614.5,167.7
2022-12-01,137.15,4599.5,166.98
2022-12-02,136.66,4577.5,165.86
2022-12-05,142.0,4619.0,165.03
2022-12-06,140.61,4603.5,164.3
2022-12-07,142.32,4592.5,163.7
2022-12-08,139.92,4578.0,163.0
2022-12-09,140.03,4583.0,162.75
2022-12-12,139.48,4583.5,162.89
2022-12-13,138.13,4577.5,162.4
2022-12-14,137.3,4590.5,160.74
2022-12-15,134.55,4521.0,160.31
2022-12-16,135.45,4580.0,160.24
2022-12-19,134.64,4625.0,157.61
2022-12-20,138.28,4076.0,158.94
2022-12-21,137.75,4040.5,157.59
2022-12-22,137.69,4027.5,157.95
2022-12-23,137.94,4010.5,160.89
2022-12-26,140.95,4010.0,162.12
2022-12-27,139.9,4028.5,164.07
2022-12-28,139.51,4015.5,161.82
2022-12-29,140.96,4022.0,162.91
2022-12-30,141.15,4069.5,162.56
2023-01-03,141.78,4123.5,163.52
2023-01-04,141.43,4116.0,162.51
2023-01-05,141.27,4087.0,161.2
2023-01-06,141.4,4089.0,162.1
2023-01-09,142.4,4110.0,162.71
2023-01-10,142.81,4079.0,162.1
2023-01-11,149.96,4090.5,165.83
2023-01-12,149.3,4078.5,164.17
2023-01-13,151.69,4074.0,164.56
2023-01-16,153.71,4052.0,165.8
2023-01-17,150.45,4025.0,162.33
2023-01-18,151.47,4021.0,162.18
2023-01-19,149.34,3981.0,160.53
2023-01-20,151.38,3944.0,158.85
2023-01-23,153.5,3972.5,160.06
2023-01-24,152.66,3942.5,157.88
2023-01-25,152.81,3923.5,158.99
2023-01-26,152.4,3911.0,157.58
2023-01-27,153.2,3917.0,159.08
2023-01-30,153.38,3947.5,158.41
2023-01-31,158.07,3955.0,158.1
2023-02-01,158.29,3955.5,158.12
2023-02-02,159.45,3918.5,158.1
2023-02-03,161.26,3907.5,160.87
2023-02-06,167.09,3941.0,160.14
2023-02-07,165.39,3968.0,159.87
2023-02-08,164.15,3930.5,158.18
2023-02-09,165.31,3914.0,159.19
2023-02-10,165.52,3921.5,158.68
2023-02-13,164.32,3928.5,158.01
2023-02-14,161.86,3914.5,156.52
2023-02-15,156.25,3829.0,153.09
2023-02-16,158.22,3830.0,153.56
2023-02-17,159.73,3840.0,153.62
2023-02-20,160.09,3905.0,153.24
2023-02-21,164.15,3914.5,154.97
2023-02-22,163.37,3909.5,155.31
2023-02-24,164.3,3901.0,154.22
2023-02-27,169.95,3903.0,156.34
2023-02-28,169.82,3990.0,157.66
2023-03-01,170.53,4056.0,164.5
2023-03-02,168.05,4004.0,160.9
2023-03-03,171.16,4030.5,162.27
2023-03-06,171.84,4111.5,163.35
2023-03-07,174.01,4125.0,162.57
2023-03-09,172.55,4105.0,161.21
2023-03-10,172.53,4085.0,160.04
2023-03-13,172.15,4066.0,159.03
2023-03-14,175.71,4063.0,161.0
2023-03-15,175.3,4022.0,159.68
2023-03-16,175.45,4084.0,159.71
2023-03-17,193.59,4111.5,163.29
2023-03-20,203.73,4228.5,175.7
2023-03-21,203.32,4216.5,170.55
2023-03-22,202.89,4192.5,168.72
2023-03-23,202.58,4177.5,168.84
2023-03-24,203.57,4206.5,169.03
2023-03-27,211.84,4322.0,172.33
2023-03-28,214.03,4320.0,171.07
2023-03-29,217.99,4342.0,170.95
2023-03-30,216.87,4382.5,171.71
2023-03-31,216.6,4352.5,169.83
2023-04-03,216.09,4473.5,170.38
2023-04-04,214.83,4510.5,172.55
2023-04-05,216.15,4540.0,173.86
2023-04-06,214.25,4585.0,171.6
2023-04-07,216.27,4637.0,173.09
2023-04-10,222.21,4650.5,174.54
2023-04-11,218.6,4620.0,177.18
2023-04-12,219.22,4670.0,178.75
2023-04-13,219.85,4612.5,178.73
2023-04-14,221.87,4618.0,179.5
2023-04-17,228.1,4640.0,181.99
2023-04-18,232.66,4599.5,184.39
2023-04-19,232.95,4539.5,182.01
2023-04-20,236.28,4746.0,181.74
2023-04-21,235.17,4729.5,181.72
2023-04-24,235.1,4710.5,181.56
2023-04-25,235.3,4689.0,178.93
2023-04-26,235.21,4659.0,178.38
2023-04-27,240.38,4700.0,183.95
2023-04-28,240.38,4674.5,181.13
2023-05-02,242.62,4581.0,177.97
2023-05-03,235.77,4508.5,172.87
2023-05-04,238.89,4547.5,173.66
2023-05-05,237.7,4509.0,172.09
2023-05-08,238.27,4564.5,170.84
2023-05-10,227.06,4716.0,175.53
2023-05-11,229.32,4788.5,174.13
2023-05-12,229.29,4819.0,173.95
2023-05-15,231.7,5045.5,179.04
2023-05-16,230.62,5086.0,177.05
2023-05-17,230.55,5097.0,176.3
2023-05-18,231.7,5075.0,175.26
2023-05-19,231.27,5078.5,174.43
2023-05-22,231.0,5090.0,172.47
2023-05-23,236.43,5173.0,166.59
2023-05-24,246.06,5192.0,162.96
2023-05-25,243.76,5203.5,162.3
2023-05-26,248.1,5296.5,164.48
2023-05-29,251.18,5538.5,163.6
2023-05-30,244.65,5530.0,161.9
2023-05-31,246.17,5569.0,162.94
2023-06-01,241.66,5684.0,161.55
2023-06-02,243.95,5383.0,162.58
2023-06-05,237.12,5166.5,162.47
2023-06-06,240.91,5149.5,163.16
2023-06-07,241.25,5101.0,164.65
2023-06-08,241.77,5065.0,166.18
2023-06-09,240.4,5077.0,165.58
2023-06-13,244.33,5264.0,168.43
2023-06-14,244.6,5246.0,167.88
2023-06-15,245.18,5302.5,171.86
2023-06-16,243.87,5260.5,169.87
2023-06-19,242.28,5194.0,170.19
2023-06-20,241.74,5150.5,169.64
2023-06-21,242.2,5125.0,170.2
2023-06-22,240.66,5137.0,168.41
2023-06-23,235.67,5030.0,165.8
2023-06-26,238.4,5048.5,166.91
2023-06-27,241.21,5138.0,166.45
2023-06-28,239.67,5108.0,168.05
2023-06-29,239.99,5124.0,167.88
2023-06-30,239.61,5079.0,166.86
2023-07-03,243.33,5095.5,166.82
2023-07-04,240.7,5209.0,165.5
2023-07-05,240.95,5298.5,165.71
2023-07-06,240.96,5347.0,166.36
2023-07-07,243.67,5439.5,166.34
2023-07-10,249.4,5436.0,167.59
2023-07-11,247.99,5439.0,168.85
2023-07-12,247.52,5500.0,170.3
2023-07-13,246.19,5498.0,168.96
2023-07-14,246.45,5514.0,169.7
2023-07-17,245.39,5503.0,170.63
2023-07-18,246.77,5537.5,174.89
2023-07-19,245.85,5518.0,173.04
2023-07-20,242.7,5394.0,169.92
2023-07-21,244.13,5505.0,171.19
2023-07-24,244.87,5545.5,171.98
2023-07-25,247.2,5633.5,171.86
2023-07-26,247.05,5626.0,171.35
2023-07-27,247.95,5668.0,172.0
2023-07-28,249.25,5896.0,171.44
2023-07-31,267.4,5938.0,174.33
2023-08-01,268.5,6008.0,173.21
2023-08-02,268.57,6069.5,174.07
2023-08-03,269.11,6155.0,177.1
2023-08-04,264.12,6103.0,173.46
2023-08-07,261.92,6048.5,172.52
2023-08-08,264.62,6124.5,172.71
2023-08-09,263.91,6171.5,174.51
2023-08-10,266.91,6252.0,176.65
2023-08-11,266.23,6284.5,176.35
2023-08-14,260.45,6127.5,177.09
2023-08-15,260.42,6131.5,176.16
2023-08-16,256.02,6094.5,174.14
2023-08-17,258.5,6162.0,174.14
2023-08-18,261.14,6277.5,175.48
2023-08-21,261.15,6265.5,176.36
2023-08-22,261.45,6606.5,176.48
2023-08-23,256.4,6412.5,173.65
2023-08-24,259.63,6561.5,174.97
2023-08-25,260.5,6566.0,174.7
2023-08-28,266.93,6662.0,176.2
2023-08-29,265.68,6779.5,178.69
2023-08-30,264.7,6837.0,177.47
2023-08-31,264.85,6830.0,177.99
2023-09-01,265.0,6819.0,178.22
2023-09-04,267.39,6850.0,181.11
2023-09-05,264.75,6916.0,182.48
2023-09-06,263.5,6867.5,180.96
2023-09-07,258.79,6666.5,177.64
2023-09-08,255.68,6625.0,175.95
2023-09-11,256.25,6456.0,174.64
2023-09-12,262.4,6729.0,177.62
2023-09-13,258.18,6610.0,174.94
2023-09-14,260.0,6519.0,173.52
2023-09-15,260.83,6553.0,173.79
2023-09-18,259.07,6526.0,172.8
2023-09-19,252.72,6344.0,168.93
2023-09-20,253.77,6423.0,169.11
2023-09-21,250.16,6379.0,165.85
2023-09-22,251.99,6495.0,166.7
2023-09-25,252.65,6449.0,165.87
2023-09-26,255.87,6386.0,165.36
2023-09-27,256.1,6490.0,165.53
2023-09-28,257.67,6645.5,169.58
2023-09-29,260.72,6677.0,167.09
2023-10-02,258.98,6720.0,166.08
2023-10-03,259.65,6754.5,166.75
2023-10-04,259.53,6660.5,165.4
2023-10-05,259.38,6721.5,166.06
2023-10-06,262.93,6797.0,166.59
2023-10-09,265.25,6863.5,167.06
2023-10-10,263.0,6853.5,168.03
2023-10-11,260.21,6890.5,167.89
2023-10-12,264.5,7120.0,169.5
2023-10-13,263.51,7244.0,170.2
2023-10-16,268.15,7335.0,172.55
2023-10-17,270.0,7384.5,171.97
2023-10-18,267.9,7488.0,170.18
2023-10-19,268.65,7486.0,170.38
2023-10-20,269.8,7491.5,171.39
2023-10-23,270.1,7462.5,170.39
2023-10-24,271.27,7444.0,170.19
2023-10-25,273.73,7437.5,169.62
2023-10-26,269.9,7228.5,168.45
2023-10-27,269.7,7318.0,167.26
2023-10-30,269.89,7248.0,167.16
2023-10-31,268.35,7150.5,167.88
2023-11-01,269.68,7240.0,170.08
2023-11-02,269.06,7253.5,168.18
2023-11-03,268.54,7238.0,169.19
2023-11-06,273.42,7376.0,169.48
2023-11-07,273.31,7333.5,168.53
2023-11-08,278.15,7295.0,168.49
2023-11-09,276.65,7260.0,168.16
2023-11-10,280.19,7288.5,168.25
2023-11-13,283.97,7277.5,167.85
2023-11-14,280.87,7200.0,165.86
2023-11-15,282.89,7224.0,166.46
2023-11-16,279.7,7135.5,165.48
2023-11-17,281.6,7225.5,165.31
2023-11-20,282.91,7194.5,165.51
2023-11-21,282.79,7209.0,165.15
2023-11-22,286.16,7299.0,165.37
2023-11-23,286.19,7258.0,164.11
2023-11-24,286.85,7295.0,164.71
2023-11-27,282.33,7222.5,162.79
2023-11-28,279.91,7238.0,164.21
2023-11-29,276.8,7202.0,163.17
2023-11-30,277.5,7239.0,163.23
2023-12-01,273.97,7175.5,162.61
2023-12-04,270.96,7132.5,160.01
2023-12-05,279.62,7248.5,160.46
2023-12-06,267.58,7138.0,158.74
2023-12-07,265.12,7092.0,163.38
2023-12-08,265.16,7140.0,161.5
2023-12-11,256.89,6977.0,164.87
2023-12-12,257.6,7014.5,162.46
2023-12-13,260.45,7043.5,163.92
2023-12-14,256.64,6860.0,160.89
2023-12-15,268.21,6560.0,164.2
2023-12-18,268.4,6723.5,167.0
2023-12-19,267.35,6709.0,165.48
2023-12-20,266.61,6735.0,163.56
2023-12-21,265.19,6702.0,161.57
2023-12-22,271.3,6732.5,162.09
2023-12-25,271.08,6744.0,161.09
2023-12-26,271.9,6771.0,161.0
2023-12-27,271.08,6768.0,159.86
2023-12-28,271.74,6767.0,159.14
2023-12-29,270.82,6739.0,159.52
2024-01-03,274.56,6803.5,161.44
2024-01-04,274.12,6771.0,161.25
2024-01-05,273.62,6780.0,161.94
2024-01-08,276.76,6766.5,163.05
2024-01-09,275.28,6931.0,162.41
2024-01-10,274.49,6957.0,162.87
2024-01-11,275.71,6972.5,162.5
2024-01-12,275.84,6965.0,163.37
2024-01-15,275.96,6889.5,163.34
2024-01-16,276.01,6857.0,163.22
2024-01-17,278.0,6910.0,164.04
2024-01-18,277.07,6857.5,166.52
2024-01-19,274.86,6834.5,165.9
2024-01-22,274.93,6840.0,166.06
2024-01-23,275.9,6799.5,168.31
2024-01-24,273.77,6795.0,166.36
2024-01-25,272.81,6809.0,165.42
2024-01-26,272.65,6901.0,163.99
2024-01-29,274.05,6943.0,163.5
2024-01-30,275.67,6994.0,163.22
2024-01-31,276.0,7090.5,166.33
2024-02-01,276.86,7093.5,165.25
2024-02-02,276.74,7114.0,164.4
2024-02-05,277.84,7137.5,164.87
2024-02-06,278.67,7163.0,164.56
2024-02-07,284.41,7265.0,164.62
2024-02-08,282.17,7231.5,163.21
2024-02-09,283.5,7238.5,163.23
2024-02-12,287.28,7280.0,162.49
2024-02-13,287.07,7269.0,162.29
2024-02-14,289.06,7220.5,161.92
2024-02-15,290.24,7282.5,161.59
2024-02-16,288.33,7224.5,161.19
2024-02-19,288.93,7188.0,161.24
2024-02-20,283.9,7081.0,159.5
2024-02-21,282.0,6990.5,158.64
2024-02-22,284.77,7021.5,158.12
2024-02-26,291.25,7164.0,160.09
2024-02-27,292.52,7141.5,159.04
2024-02-28,291.75,7261.5,160.65
2024-02-29,292.19,7378.0,161.82
2024-03-01,295.38,7463.5,161.34
2024-03-04,299.17,7511.5,161.24
2024-03-05,298.4,7499.5,160.98
2024-03-06,297.71,7483.0,161.65
2024-03-07,300.4,7513.0,160.91
2024-03-11,299.79,7554.5,160.56
2024-03-12,300.9,7536.5,162.99
2024-03-13,298.85,7426.0,161.77
2024-03-14,295.83,7370.0,161.1
2024-03-15,298.3,7380.0,160.86
2024-03-18,298.87,7344.0,160.58
2024-03-19,295.2,7333.5,158.55
2024-03-20,295.4,7438.5,158.42
2024-03-21,295.62,7417.5,158.28
2024-03-22,292.99,7303.0,156.44
2024-03-25,293.9,7438.0,158.84
2024-03-26,294.11,7419.0,157.94
2024-03-27,295.1,7493.0,157.79
2024-03-28,299.0,7481.0,157.05
2024-03-29,298.72,7551.0,157.22
2024-04-01,300.43,7665.0,158.06
2024-04-02,300.38,7654.0,164.18
2024-04-03,306.72,7686.5,162.63
2024-04-04,304.61,7727.5,162.69
2024-04-05,306.1,7662.5,163.59
2024-04-08,307.75,7767.0,163.89
2024-04-09,306.76,7786.5,164.08
2024-04-10,306.48,7825.0,164.74
2024-04-11,306.95,7836.5,166.24
2024-04-12,307.1,7839.5,164.83
2024-04-15,307.99,7920.5,163.33
2024-04-16,308.29,7897.0,164.38
2024-04-17,306.59,7886.0,164.62
2024-04-18,307.99,7840.0,165.4
2024-04-19,307.38,7835.5,167.03
2024-04-22,314.99,7827.5,166.77
2024-04-23,307.39,7840.0,163.7
2024-04-24,307.94,7820.5,162.86
2024-04-25,308.41,7827.5,163.35
2024-04-26,309.0,7929.5,162.46
2024-04-27,308.98,8002.5,164.06
2024-04-29,308.97,8152.0,164.03
2024-04-30,308.24,8085.5,163.22
2024-05-02,307.37,8104.5,157.75
2024-05-03,307.53,8075.5,155.2
2024-05-06,306.01,8026.5,153.64
2024-05-07,308.22,7722.5,154.16
2024-05-08,311.21,7714.0,154.22
2024-05-10,313.49,7713.5,154.58
2024-05-13,314.85,7689.0,157.9
2024-05-14,318.12,7672.0,156.16
2024-05-15,319.7,7655.5,156.97
2024-05-16,322.91,7715.0,157.88
2024-05-17,323.16,7854.5,155.17
2024-05-20,321.08,7834.5,145.03
2024-05-21,320.64,7848.0,139.54
2024-05-22,322.93,7820.0,139.25
2024-05-23,323.54,7841.5,134.69
2024-05-24,321.0,7720.0,133.34
2024-05-27,317.09,7541.5,128.42
2024-05-28,318.22,7590.0,128.47
2024-05-29,320.38,7684.0,128.89
2024-05-30,316.63,7567.0,124.93
2024-05-31,313.11,7355.5,126.46
2024-06-03,310.95,7252.0,124.14
2024-06-04,316.49,7426.0,125.1
2024-06-05,314.72,7412.5,124.02
2024-06-06,313.08,7398.0,123.6
2024-06-07,319.9,7489.0,122.78
2024-06-10,317.28,7315.0,119.0
2024-06-11,317.8,7290.0,117.53
2024-06-13,317.71,7178.5,119.63
2024-06-14,319.35,7368.0,121.65
2024-06-17,317.65,7203.0,121.54
2024-06-18,314.34,7036.0,118.02
2024-06-19,310.7,6885.0,113.85
2024-06-20,314.15,7112.5,115.92
2024-06-21,314.14,7084.0,115.4
2024-06-24,317.25,7051.5,113.67
2024-06-25,319.8,7204.0,114.97
2024-06-26,324.55,7275.0,117.0
2024-06-27,327.16,7227.0,115.65
2024-06-28,327.15,7211.0,115.94
2024-07-01,327.1,7326.0,121.4
2024-07-02,328.37,7309.5,126.2
2024-07-03,328.2,7230.5,124.96
2024-07-04,324.66,7109.5,122.17
2024-07-05,325.0,7201.0,126.74
2024-07-08,324.07,7097.0,127.74
2024-07-09,319.99,6941.0,124.05
2024-07-10,316.68,6689.0,117.81
2024-07-11,295.87,6969.5,121.75
2024-07-12,292.21,6908.0,119.65
2024-07-15,284.38,6827.0,119.28
2024-07-16,285.25,6881.0,124.74
2024-07-17,284.68,6814.0,124.46
2024-07-18,289.83,6931.5,129.81
2024-07-19,289.9,6913.0,130.88
2024-07-22,294.71,7008.0,131.61
2024-07-23,294.39,6973.0,134.07
2024-07-24,295.69,6939.5,136.73
2024-07-25,296.37,6902.5,135.1
2024-07-26,293.3,6890.0,135.0
2024-07-29,286.58,6727.5,130.99
2024-07-30,290.0,6805.5,132.4
2024-07-31,289.3,6759.5,133.31
2024-08-01,287.21,6687.0,132.05
2024-08-02,286.04,6591.0,131.45
2024-08-05,275.49,6417.5,127.25
2024-08-06,279.4,6447.0,128.7
2024-08-07,282.2,6505.0,129.84
2024-08-08,281.09,6410.5,128.14
2024-08-09,281.44,6408.5,128.64
2024-08-12,280.74,6448.5,128.71
2024-08-13,283.92,6444.5,130.49
2024-08-14,280.32,6385.0,129.84
2024-08-15,278.01,6347.0,127.6
2024-08-16,274.6,6239.5,126.36
2024-08-19,268.17,6138.5,126.29
2024-08-20,266.2,6147.5,125.85
2024-08-21,266.93,6309.5,123.38
2024-08-22,261.6,6419.0,118.51
2024-08-23,259.5,6428.0,116.81
2024-08-26,265.39,6645.0,126.8
2024-08-27,260.5,6526.5,124.47
2024-08-28,262.47,6389.0,124.51
2024-08-29,260.31,6324.0,130.27
2024-08-30,254.45,6145.0,122.97
2024-09-02,244.31,6115.0,123.86
2024-09-03,244.04,6184.0,120.6
2024-09-04,253.01,6265.0,122.46
2024-09-05,252.82,6272.0,123.76
2024-09-06,254.77,6332.0,123.0
2024-09-09,263.31,6520.0,125.04
2024-09-10,261.29,6435.0,123.44
2024-09-11,258.2,6413.5,121.62
2024-09-12,254.93,6448.0,118.78
2024-09-13,258.25,6624.5,119.91
2024-09-16,263.79,6820.5,121.73
2024-09-17,265.99,6803.0,123.1
2024-09-18,263.4,6745.5,122.18
2024-09-19,264.5,6811.0,122.24
2024-09-20,269.08,6897.5,122.4
2024-09-23,273.17,6982.5,130.35
2024-09-24,272.92,6954.5,139.71
2024-09-25,267.8,6867.0,135.44
2024-09-26,267.88,6890.0,137.35
2024-09-27,268.07,6914.5,140.5
2024-09-30,268.49,6874.0,138.19
2024-10-01,266.29,6969.0,136.21
2024-10-02,259.31,6816.5,132.12
2024-10-03,264.25,6956.0,133.87
2024-10-04,264.09,7009.0,133.32
2024-10-07,263.39,7055.0,133.5
2024-10-08,262.4,6973.5,133.83
2024-10-09,260.86,6883.5,132.51
2024-10-10,259.98,6857.0,132.69
2024-10-11,256.94,6837.0,131.82
2024-10-14,261.28,6931.5,131.92
2024-10-15,262.03,6991.0,133.97
2024-10-16,259.5,6980.0,137.24
2024-10-17,256.57,6931.5,136.05
2024-10-18,257.19,6963.0,135.67
2024-10-21,258.21,7020.0,135.97
2024-10-22,255.42,6950.0,136.24
2024-10-23,252.01,6920.0,134.76
2024-10-24,252.64,6958.5,134.12
2024-10-25,246.35,6750.5,133.0
2024-10-28,242.56,6733.5,124.87
2024-10-29,242.66,6837.0,125.97
2024-10-30,241.45,6792.0,123.8
2024-10-31,237.9,6794.5,123.44
2024-11-01,238.03,6844.5,125.6
2024-11-02,238.97,6842.0,128.7
2024-11-05,239.23,6873.0,128.77
2024-11-06,243.6,6996.5,131.92
2024-11-07,250.93,7132.0,135.52
2024-11-08,255.98,7172.0,135.9
2024-11-11,260.73,7022.5,138.12
2024-11-12,255.77,6990.0,135.16
2024-11-13,254.7,6925.0,132.6
2024-11-14,249.52,6932.5,131.61
2024-11-15,253.43,7021.0,133.37
2024-11-18,248.72,6955.5,129.12
2024-11-19,240.59,6842.0,125.49
2024-11-20,237.05,6798.5,121.89
2024-11-21,240.47,6938.5,124.1
2024-11-22,236.0,6940.0,119.47
2024-11-25,227.81,6886.5,117.44
2024-11-26,223.16,6869.5,114.5
2024-11-27,226.3,6896.5,119.41
2024-11-28,228.56,6905.5,120.29
2024-11-29,236.49,6860.5,124.29
2024-12-02,235.17,6810.0,123.9
2024-12-03,230.8,6771.0,121.48
2024-12-04,224.55,6720.5,115.3
2024-12-05,233.48,6841.0,116.63
2024-12-06,237.84,6860.0,114.99
2024-12-09,237.29,6973.0,117.06
2024-12-10,230.82,6894.0,114.7
2024-12-11,234.19,6895.5,115.16
2024-12-12,229.02,6862.5,113.1
2024-12-13,228.7,6800.0,112.86
2024-12-16,225.53,6779.5,108.71
2024-12-17,226.5,6290.5,107.26
2024-12-18,230.15,6375.0,108.05
2024-12-19,229.0,6294.0,107.16
2024-12-20,257.6,6725.0,115.24
2024-12-23,264.9,6919.0,119.75
2024-12-24,264.34,6833.0,121.7
2024-12-25,271.69,6987.5,128.11
2024-12-26,269.56,7003.0,126.89
2024-12-27,271.2,6990.5,127.79
2024-12-28,272.83,6998.0,129.6
2024-12-30,279.43,7235.0,133.12
