TRADEDATE,portfolio_return
2015-01-06,0.029980055099729036
2015-01-08,0.09348895067168253
2015-01-09,-0.039851926349690175
2015-01-12,-0.0016265918813560083
2015-01-13,-0.006240025090957115
2015-01-14,0.013647280726611456
2015-01-15,0.016837798039164704
2015-01-16,0.020920922707121512
2015-01-19,-0.016231671961174816
2015-01-20,-0.012042355536642785
2015-01-21,0.03416716052537888
2015-01-22,0.022791507572424808
2015-01-23,0.00638716973281679
2015-01-26,-0.03144526009072319
2015-01-27,0.01679725186871488
2015-01-28,-0.016343171164381665
2015-01-29,-0.007922620956254955
2015-01-30,-0.0023549461193581272
2015-02-02,-0.01568123690233506
2015-02-03,0.020458113829872403
2015-02-04,0.004841820414650659
2015-02-05,0.027687798399494305
2015-02-06,0.03288618416799604
2015-02-09,-0.00793744936971466
2015-02-10,-0.00533736402075937
2015-02-11,0.010775648686520683
2015-02-12,0.029992964459227674
2015-02-13,0.028703883138797553
2015-02-16,-0.01991973517781833
2015-02-17,0.01104987294205777
2015-02-18,0.0259669162789972
2015-02-19,-0.017806981356485094
2015-02-20,0.00011618040793442714
2015-02-24,-0.009181911140231515
2015-02-25,-0.012287025197609125
2015-02-26,0.011086316380253659
2015-02-27,0.007389696471208143
2015-03-02,0.011018147668670767
2015-03-03,8.545630628808108e-05
2015-03-04,-0.03191715796607526
2015-03-05,-0.00132317024291732
2015-03-06,-0.015438965098264878
2015-03-10,-0.03893593148050634
2015-03-11,0.005107907576868468
2015-03-12,-0.000699528094035323
2015-03-13,-0.03163337683753499
2015-03-16,-0.016510771768288315
2015-03-17,-0.002734974630563912
2015-03-18,0.01067551441942153
2015-03-19,-0.014253635663069288
2015-03-20,0.013872071942880147
2015-03-23,-0.01859963814238936
2015-03-24,0.012219204145719541
2015-03-25,-0.010648729822228796
2015-03-26,-0.027052726405007298
2015-03-27,-0.013125905861266267
2015-03-30,0.027566797093512976
2015-03-31,0.00888369858210714
2015-04-01,0.023857861004464097
2015-04-02,0.013503824392360878
2015-04-03,0.003045165157875243
2015-04-06,0.023616958118635963
2015-04-07,0.00022497264046820304
2015-04-08,-0.0037465112053864944
2015-04-09,0.01006839080113765
2015-04-10,-0.012508272868287014
2015-04-13,0.013249132728188392
2015-04-14,-0.015618193849984734
2015-04-15,0.0275359028972294
2015-04-16,0.0018250259632545244
2015-04-17,-0.027162463007591314
2015-04-20,0.02570755117038281
2015-04-21,0.019153243674146746
2015-04-22,-0.0261880066861416
2015-04-23,0.0027183662145118304
2015-04-24,0.025193966584885784
2015-04-27,-0.0036797180796403614
2015-04-28,0.0016089637590998268
2015-04-29,-0.007774792801487907
2015-04-30,0.015317532440063439
2015-05-05,0.02266544539034894
2015-05-06,-0.006143353982395456
2015-05-07,-0.02025109105400069
2015-05-08,0.0056814303409218015
2015-05-12,-0.002867677352858978
2015-05-13,-0.01410015917220796
2015-05-14,-0.006201179191125122
2015-05-15,0.0038687362414256627
2015-05-18,-0.006244972304174557
2015-05-19,-0.01696647398222762
2015-05-20,-0.022398469785033043
2015-05-21,0.016354454648604928
2015-05-22,0.010669606879577846
2015-05-25,-0.007813220760061147
2015-05-26,-0.0005293982963677556
2015-05-27,0.006435378950793403
2015-05-28,-0.0030311703940842133
2015-05-29,-0.027295608732378816
2015-06-01,-0.005902314760108082
2015-06-02,0.018863454945409676
2015-06-03,-0.017019218525616695
2015-06-04,0.0027138428583888667
2015-06-05,0.0064659821090765545
2015-06-08,-0.010259471199160352
2015-06-09,0.019388345758786323
2015-06-10,-0.0010628843530120207
2015-06-11,-0.0007128070491912001
2015-06-15,-0.008467621043215695
2015-06-16,0.013778234063283398
2015-06-17,-0.004607631539286712
2015-06-18,0.00031087524954382707
2015-06-19,-0.008085913298882646
2015-06-22,0.006512792892423465
2015-06-23,-0.0063037003951878536
2015-06-24,-0.002851544573838901
2015-06-25,-0.01388335860439131
2015-06-26,-0.002683558539130996
2015-06-29,-0.004108919646426574
2015-06-30,0.024854424610474615
2015-07-01,-0.013950370472191227
2015-07-02,0.0016126240192091286
2015-07-03,-0.006056913449785473
2015-07-06,-0.010109327064030869
2015-07-07,0.0017006231437478748
2015-07-08,-0.007146706597494822
2015-07-09,0.015496279806557203
2015-07-10,0.02029603763059573
2015-07-13,0.008614368253098734
2015-07-14,0.017358127861519503
2015-07-15,0.01255862063961434
2015-07-16,0.003975270881661634
2015-07-17,0.006496934271255512
2015-07-20,-0.016102908263535207
2015-07-21,0.009081887286157749
2015-07-22,-0.0028613786203999275
2015-07-23,-0.01502709552945013
2015-07-24,-0.015233343884103297
2015-07-27,-0.024918073227120835
2015-07-28,0.01220101334003504
2015-07-29,0.01568605776343572
2015-07-30,0.009004947902430985
2015-07-31,0.018919762150273217
2015-08-03,-0.012496762705627423
2015-08-04,0.0072339526927451235
2015-08-05,0.012840309155364372
2015-08-06,-0.017115391212730154
2015-08-07,0.01543453653492414
2015-08-10,0.006949308217797141
2015-08-11,-0.011306610944053426
2015-08-12,0.005620715933163003
2015-08-13,0.00406682497207752
2015-08-14,0.00761630573525205
2015-08-17,-0.009559571144739938
2015-08-18,-0.014678662568104489
2015-08-19,-0.011718841257725541
2015-08-20,0.008938374590145348
2015-08-21,-0.027231282415115562
2015-08-24,-0.026212003378592492
2015-08-25,0.027170253480740134
2015-08-26,-0.002462300053999131
2015-08-27,0.03275212336118884
2015-08-28,0.022518660518093328
2015-08-31,0.002506872787468791
2015-09-01,-0.024344118838887603
2015-09-02,-0.006821362258784058
2015-09-03,0.020464628280907636
2015-09-04,-0.011714845450723089
2015-09-07,-0.004410974878387736
2015-09-08,0.010762848738597895
2015-09-09,0.005934200470589233
2015-09-10,-0.005732490004501547
2015-09-11,-0.0023087640586392927
2015-09-14,0.011405234563766263
2015-09-15,-0.009507470608478725
2015-09-16,0.016246070461883092
2015-09-17,-0.011650374127409942
2015-09-18,-0.01614411023656525
2015-09-21,-0.008513958153583943
2015-09-22,-0.029940030242865772
2015-09-23,-0.011008804166920582
2015-09-24,-0.009041764053446043
2015-09-25,0.02064926626268724
2015-09-28,-0.007414675881989743
2015-09-29,0.012281486613084345
2015-09-30,-0.0013531114777122987
2015-10-01,-0.016617508689407992
2015-10-02,-0.013600653806143366
2015-10-05,0.03172047394186078
2015-10-06,0.014363322189542149
2015-10-07,0.022114240946746182
2015-10-08,0.01894789383642348
2015-10-09,0.035496428455477215
2015-10-12,-0.014036266049140593
2015-10-13,-0.00047306805449371053
2015-10-14,0.007455193378530803
2015-10-15,0.0019802183220125153
2015-10-16,-0.0015683272795246023
2015-10-19,-0.006206723438801979
2015-10-20,0.007813069805049897
2015-10-21,-0.010379206250658402
2015-10-22,0.001188901437541213
2015-10-23,0.01749492126745528
2015-10-26,0.0014606325928065219
2015-10-27,-0.0066421063591481765
2015-10-28,0.004920067685975508
2015-10-29,-0.012431211131575106
2015-10-30,0.004729068680906885
2015-11-02,0.030911539117829952
2015-11-03,0.024751825194175757
2015-11-05,-0.0001581403067733541
2015-11-06,-0.008619303614672728
2015-11-09,-0.0046280947943520435
2015-11-10,0.002902996977659801
2015-11-11,0.0013090734563850862
2015-11-12,0.005137905138610704
2015-11-13,-0.014616880484751517
2015-11-16,0.011093057541880318
2015-11-17,0.04372514181448746
2015-11-18,0.014151619620859483
2015-11-19,0.004451664120188609
2015-11-20,0.010959228384862161
2015-11-23,0.03165863087681312
2015-11-24,-0.037084569231878
2015-11-25,0.012059055118050601
2015-11-26,-0.01004559188554938
2015-11-27,-0.019874381217086026
2015-11-30,-0.011849576540466422
2015-12-01,-0.0038991270573353626
2015-12-02,0.00042863182116274464
2015-12-03,0.01474328658512484
2015-12-04,-0.017392793793158758
2015-12-07,-0.01748795984966947
2015-12-08,-0.028421699628569802
2015-12-09,0.018017674282497596
2015-12-10,0.006182892256697927
2015-12-11,-0.010614759781508125
2015-12-14,-0.008467733063979148
2015-12-15,0.016598167609330923
2015-12-16,0.005289201768330235
2015-12-17,0.013019684083675062
2015-12-18,-0.044684390823369335
2015-12-21,-5.463024971639379e-06
2015-12-22,0.01541007512811575
2015-12-23,0.014872322651324193
2015-12-24,-0.0037626523829977117
2015-12-25,-0.005129555034369551
2015-12-28,-0.0036613975152671382
2015-12-29,0.01759965090544078
2015-12-30,-0.005911653228071719
2016-01-04,-0.02059317438118058
2016-01-05,0.01683126761005894
2016-01-06,-0.0095682926756993
2016-01-11,-0.051458255223370025
2016-01-12,0.0016802871833252234
2016-01-13,-0.004910015568637548
2016-01-14,0.00011180802635284842
2016-01-15,-0.05170787540326075
2016-01-18,-0.0038235509285418226
2016-01-19,0.011431720063859667
2016-01-20,-0.014436692644570528
2016-01-21,0.024851150627292904
2016-01-22,0.05343165012407662
2016-01-25,0.00014756707769188215
2016-01-26,-0.0042513172896349
2016-01-27,0.03406700399871516
2016-01-28,0.022043034317524482
2016-01-29,0.009626088791204987
2016-02-01,-0.008001106355539994
2016-02-02,-0.019209611796153346
2016-02-03,-0.0044614229620852245
2016-02-04,0.03114890642497696
2016-02-05,0.002800512238027816
2016-02-08,-0.02753545855118014
2016-02-09,-0.018595443741721045
2016-02-10,0.010232582686095932
2016-02-11,-0.01245358527688006
2016-02-12,0.004882447835817268
2016-02-15,0.01049402008010096
2016-02-16,0.012763162482210589
2016-02-17,0.015706550969395425
2016-02-18,0.029139890081137886
2016-02-19,-0.010130104754069304
2016-02-20,0.001406313002136655
2016-02-22,0.020172145274824478
2016-02-24,-0.017389518980186383
2016-02-25,0.009263616099735897
2016-02-26,0.014432956630550789
2016-02-29,0.02086916363169174
2016-03-01,0.007431221374655036
2016-03-02,-0.019018214411610418
2016-03-03,0.01879083285313579
2016-03-04,0.019853547195438154
2016-03-07,0.016594639017146175
2016-03-09,-0.021458451387178508
2016-03-10,-0.0049846863894132875
2016-03-11,-0.005995078458099089
2016-03-14,-0.00329268857436588
2016-03-15,-0.012990501616480337
2016-03-16,0.013131430362073046
2016-03-17,0.019477087467524693
2016-03-18,0.023792516630320778
2016-03-21,-0.005614475429525107
2016-03-22,-0.008181566056518473
2016-03-23,-0.021562318791331768
2016-03-24,-0.01374555988060004
2016-03-25,0.003237223704028219
2016-03-28,-0.010293720941616487
2016-03-29,0.0013400273964238713
2016-03-30,0.012467242244264177
2016-03-31,0.004260030710892785
2016-04-01,-0.005586683199668229
2016-04-04,0.006243425426849399
2016-04-05,-0.007611799729541097
2016-04-06,0.006098194744914476
2016-04-07,0.002247649279459457
2016-04-08,0.026124574513557885
2016-04-11,0.02069670193062842
2016-04-12,0.0018519123122931647
2016-04-13,0.01833522356223192
2016-04-14,-0.006280426703973909
2016-04-15,-0.003094852057086386
2016-04-18,-0.012264771675624635
2016-04-19,0.031802526966131305
2016-04-20,0.023487963528807873
2016-04-21,-0.01288603746318684
2016-04-22,0.005992600247985209
2016-04-25,-0.0097881300737518
2016-04-26,-0.004155481357627574
2016-04-27,-0.007419389312396496
2016-04-28,0.025962761402896436
2016-04-29,-0.0031802377495490372
2016-05-04,-0.02451937411708016
2016-05-05,-0.012073694207773518
2016-05-06,-0.002983678241914878
2016-05-10,-0.013297840811637377
2016-05-11,0.024583007527427612
2016-05-12,-0.003934976483912554
2016-05-13,0.004243813137624798
2016-05-16,-0.0026723202873013903
2016-05-17,-0.005598525097219269
2016-05-18,0.003533719833345637
2016-05-19,-0.016368617275299376
2016-05-20,0.003993983334957089
2016-05-23,-0.013879075843534316
2016-05-24,0.01126103956384549
2016-05-25,0.013459192294671681
2016-05-26,0.02073904950099246
2016-05-27,0.005348150499255596
2016-05-30,0.00502609861469141
2016-05-31,-0.029297284521694136
2016-06-01,-0.00365662919996383
2016-06-02,0.003938473462837278
2016-06-03,-0.004529137209116017
2016-06-06,0.015888421219013744
2016-06-07,0.02881701465839279
2016-06-08,-0.003148805836009732
2016-06-09,-0.008735380046789393
2016-06-10,-0.022186471003462334
2016-06-14,-0.016283617016337536
2016-06-15,0.003985669003773503
2016-06-16,-0.014163997077879794
2016-06-17,0.007735653878856585
2016-06-20,0.016523117572377226
2016-06-21,0.006705640940134122
2016-06-22,0.003556663560397359
2016-06-23,0.02053549107056938
2016-06-24,-0.019369697754928437
2016-06-27,-0.03935938509281455
2016-06-28,0.011438100563169826
2016-06-29,0.01973698979833372
2016-06-30,-0.0014217522112504404
2016-07-01,0.006500538337323453
2016-07-04,0.009865751301347269
2016-07-05,-0.006297239454072545
2016-07-06,-0.014106335404391834
2016-07-07,0.010196064662743108
2016-07-08,0.02650859592351026
2016-07-11,0.005675057776701195
2016-07-12,0.013657215831306692
2016-07-13,-0.004836162792195391
2016-07-14,0.006443937779842911
2016-07-15,0.0028599576752656873
2016-07-18,0.01658435194340049
2016-07-19,-0.008856698294193435
2016-07-20,-0.001440576834002778
2016-07-21,0.0034510212362688156
2016-07-22,-0.001503738050628904
2016-07-25,-0.008283635727448046
2016-07-26,-0.001744890806458026
2016-07-27,0.0031685506278369157
2016-07-28,0.0067461523931273155
2016-07-29,-0.0004561710531406308
2016-08-01,-0.0001778782748609733
2016-08-02,-0.027565959765520294
2016-08-03,0.003130807260873268
2016-08-04,0.014324691774170978
2016-08-05,-0.0007417074880206643
2016-08-08,0.009197062520810036
2016-08-09,-0.0054776612787707495
2016-08-10,-0.011071698727817166
2016-08-11,0.009603473953884091
2016-08-12,0.010969547703600065
2016-08-15,0.006796140345278091
2016-08-16,-0.002857172423412532
2016-08-17,0.00036163549333310366
2016-08-18,3.4008933483771486e-05
2016-08-19,-0.007433800463271505
2016-08-22,0.01078422881390058
2016-08-23,0.01118710285360833
2016-08-24,-0.0006739894883304422
2016-08-25,0.00817502736640425
2016-08-26,0.005362440833627856
2016-08-29,-0.00872386855909459
2016-08-30,-0.0022715793071905604
2016-08-31,-0.009362774636429918
2016-09-01,0.005150198535629585
2016-09-02,0.015921126111900934
2016-09-05,0.013772182367611192
2016-09-06,0.016330598927180258
2016-09-07,0.012519432677929642
2016-09-08,-0.0024385666180970255
2016-09-09,-0.015438920350013558
2016-09-12,-0.0014656448594098299
2016-09-13,-0.006114799159835285
2016-09-14,0.006336438760113786
2016-09-15,-0.007402531391823104
2016-09-16,-0.01117877651379343
2016-09-19,0.00355363361821819
2016-09-20,0.006732482349795579
2016-09-21,0.0015358768457893158
2016-09-22,0.01871043792172613
2016-09-23,-0.01146624797596003
2016-09-26,-0.011939415152413212
2016-09-27,-0.010402735224074474
2016-09-28,-0.0026615897633055618
2016-09-29,0.013970338190826534
2016-09-30,-0.01087500543034647
2016-10-03,0.011266204639901583
2016-10-04,-0.00026350407251826084
2016-10-05,-0.003157211439731945
2016-10-06,0.003908633491718602
2016-10-07,-0.0023499924837680525
2016-10-10,0.015338994997578695
2016-10-11,0.0028644633628521965
2016-10-12,-0.005714153261511284
2016-10-13,-0.01323934002785251
2016-10-14,-0.0029057234382220826
2016-10-17,-0.005801315565582642
2016-10-18,0.006225471777551855
2016-10-19,0.001502327280595385
2016-10-20,-0.0035488690183214065
2016-10-21,0.004715364738496135
2016-10-24,0.004797313126243761
2016-10-25,0.007296025056741831
2016-10-26,-0.004214355369286731
2016-10-27,-0.002189506788528387
2016-10-28,0.00022217341787833804
2016-10-31,0.001705448142564259
2016-11-01,0.0020392541601993988
2016-11-02,-0.02589871565705957
2016-11-03,-0.0004092685236790805
2016-11-07,0.00012292689795337375
2016-11-08,0.013498707730704461
2016-11-09,0.027607429815191792
2016-11-10,0.018895982891419708
2016-11-11,-0.009990314967489271
2016-11-14,-0.008879013295199075
2016-11-15,-0.004488631516972005
2016-11-16,0.0018466608231307892
2016-11-17,0.008011195536885146
2016-11-18,-0.002773604202548986
2016-11-21,0.017028474043652066
2016-11-22,0.0041794700938484995
2016-11-23,0.006756369273912341
2016-11-24,0.017831040238228096
2016-11-25,-0.00406754709890691
2016-11-28,-0.007348602292794559
2016-11-29,-0.005190123066784345
2016-11-30,0.007891878381414249
2016-12-01,0.009055060979428155
2016-12-02,0.009196780848741705
2016-12-05,0.010344840361646805
2016-12-06,-0.01384509926392082
2016-12-07,0.004327308674262042
2016-12-08,0.031406826382418464
2016-12-09,0.0027044504647720812
2016-12-12,0.02277459070906595
2016-12-13,-0.0009457315678803884
2016-12-14,-0.00760727231147316
2016-12-15,0.007737639500966424
2016-12-16,-0.008872750903075235
2016-12-19,-0.00181167081283271
2016-12-20,0.011458244794427568
2016-12-21,0.003654663563672849
2016-12-22,-0.022832261384988634
2016-12-23,0.0035565174161415686
2016-12-26,0.00400414665227259
2016-12-27,0.004159416449624317
2016-12-28,-0.012776305788263258
2016-12-29,0.013805519284622675
2016-12-30,0.010164417679743184
2017-01-03,0.03315756406000364
2017-01-04,-0.01925868762769422
2017-01-05,-0.02509581742380995
2017-01-06,-0.004116407289326231
2017-01-09,-0.0030129585970698723
2017-01-10,0.014859322587902624
2017-01-11,-0.007976252742425648
2017-01-12,-0.011349931488431516
2017-01-13,-0.008044049425538696
2017-01-16,-0.009352880073381925
2017-01-17,-0.0010531748645132926
2017-01-18,-0.004051725281754072
2017-01-19,-0.003913864469499044
2017-01-20,-0.0007081256913675964
2017-01-23,-0.004843010089487775
2017-01-24,0.013230006657757833
2017-01-25,-0.0014417980768458845
2017-01-26,0.030125713800578366
2017-01-27,0.02871684151175994
2017-01-30,-0.0230923203394007
2017-01-31,-0.01112426929841234
2017-02-01,0.004197975536618
2017-02-02,-0.004983401791453579
2017-02-03,0.003784667916130277
2017-02-06,-0.006964281588579286
2017-02-07,0.00599519041366588
2017-02-08,-0.019609717215121777
2017-02-09,-0.014489937746767032
2017-02-10,-0.013003212977936753
2017-02-13,0.002898412747819835
2017-02-14,-0.009025301787775362
2017-02-15,-0.0038686121951638907
2017-02-16,0.008526439417073818
2017-02-17,-0.007931877213628773
2017-02-20,-0.0014642717985040832
2017-02-21,0.005622856371914046
2017-02-22,-0.008314822402373322
2017-02-24,0.00012217971860537698
2017-02-27,-0.0196936458294456
2017-02-28,-0.019997137903922556
2017-03-01,0.013682152455726139
2017-03-02,-0.0002328370457201339
2017-03-03,0.00890394056656858
2017-03-06,-0.006991871468651177
2017-03-07,-0.006690621663029018
2017-03-09,-0.031074950074011037
2017-03-10,0.009657701747340186
2017-03-13,0.008461244074201648
2017-03-14,-0.002666105911102936
2017-03-15,-0.004544260501412116
2017-03-16,0.007140820556246937
2017-03-17,0.012678510365380027
2017-03-20,0.00201461027489053
2017-03-21,-5.8757100617825046e-05
2017-03-22,0.006549627442158952
2017-03-23,-0.004414743646052608
2017-03-24,-0.006480685623901029
2017-03-27,-0.008574691838484328
2017-03-28,0.0091617479186526
2017-03-29,-0.0011459100894808884
2017-03-30,-0.009087845276922371
2017-03-31,-0.01042396630601591
2017-04-03,0.008924634991502095
2017-04-04,0.010012754839536321
2017-04-05,0.015523192382423799
2017-04-06,-0.0017606359465529853
2017-04-07,-0.025722034845399123
2017-04-10,-0.02503335720072862
2017-04-11,0.003157263651053781
2017-04-12,-0.01902280831991942
2017-04-13,-0.0011884610607843338
2017-04-14,-0.016261364827524185
2017-04-17,0.016145329611234997
2017-04-18,-0.010859970927157923
2017-04-19,0.00290080517469257
2017-04-20,0.012609479007214094
2017-04-21,0.0045541452535010135
2017-04-24,0.02556220143727532
2017-04-25,0.008910376605188643
2017-04-26,0.013766790295174088
2017-04-27,-0.011073859905228573
2017-04-28,-0.0008055063611028162
2017-05-02,0.008717887498108229
2017-05-03,-0.017643521658588342
2017-05-04,0.0015500186668475251
2017-05-05,0.0037026226803717767
2017-05-10,0.02436802421617512
2017-05-11,-0.017135684571251236
2017-05-12,-0.0007562518534049759
2017-05-15,0.0091611217279793
2017-05-16,-0.0005582334149355655
2017-05-17,-0.004047570743636115
2017-05-18,-0.01565956497713165
2017-05-19,-0.003043311051779724
2017-05-22,-0.010201799375176901
2017-05-23,-0.0009322203508531426
2017-05-24,-0.006589196103127566
2017-05-25,-0.005553258970418631
2017-05-26,-0.00723051806663516
2017-05-29,0.009491287239872586
2017-05-30,-0.0038141013967446773
2017-05-31,-0.027176284847751052
2017-06-01,-0.01917594889797478
2017-06-02,0.01861468099901553
2017-06-05,-0.00764113858487307
2017-06-06,-0.00650602410270491
2017-06-07,-0.002349241413728961
2017-06-08,0.002321568089419997
2017-06-09,0.002690394850668534
2017-06-13,-0.0177891475135362
2017-06-14,-0.018189376073443075
2017-06-15,-0.01336037216642961
2017-06-16,0.005140322274913471
2017-06-19,0.024319874134807025
2017-06-20,-0.001366369307803584
2017-06-21,-0.007942686480278495
2017-06-22,0.009520043658037568
2017-06-23,0.000474658220889599
2017-06-26,-0.0008335832087973842
2017-06-27,0.012738886649425876
2017-06-28,0.005548213661451863
2017-06-29,-0.006014115838971442
2017-06-30,0.0034778457254743753
2017-07-03,0.01382775596699946
2017-07-04,0.012563231304878221
2017-07-05,0.0009865777628272276
2017-07-06,0.021419555135000982
2017-07-07,-0.010024266051921147
2017-07-10,0.010292288751939672
2017-07-11,0.007916307005366262
2017-07-12,0.014876158295680583
2017-07-13,-0.0016329590905574281
2017-07-14,0.004277767913669029
2017-07-17,-0.0034723778824617786
2017-07-18,0.008756754694320443
2017-07-19,0.0043577717337927695
2017-07-20,1.864565580076533e-05
2017-07-21,-0.014522299061719758
2017-07-24,-0.0033567281265891877
2017-07-25,-0.0033312560033576435
2017-07-26,0.00432342054285305
2017-07-27,0.012474196780314284
2017-07-28,-0.01235620281582074
2017-07-31,-0.0033881230907465403
2017-08-01,0.016624912297284664
2017-08-02,0.01972985547517085
2017-08-03,0.0003075576142152511
2017-08-04,-0.004147939866232725
2017-08-07,0.008995682508201276
2017-08-08,0.013862881350548749
2017-08-09,-0.011604837538848107
2017-08-10,-0.008602961889788298
2017-08-11,-0.007773960430747686
2017-08-14,0.004935013219856733
2017-08-15,-0.0011683286403087482
2017-08-16,-0.0034896609931741973
2017-08-17,-0.0025779243133643975
2017-08-18,-0.009482716332984725
2017-08-21,0.003911058905429461
2017-08-22,0.007926542231156642
2017-08-23,0.008971612770396355
2017-08-24,0.011942374436421386
2017-08-25,0.0068586062765448805
2017-08-28,0.005460179563410936
2017-08-29,-0.003991588879916427
2017-08-30,0.00464142372716847
2017-08-31,0.0037860458565212884
2017-09-01,-0.003932473050217869
2017-09-04,-0.00230574479972157
2017-09-05,-0.00345213300765072
2017-09-06,0.004505727732189149
2017-09-07,-0.0015538441207304042
2017-09-08,0.0150157175974141
2017-09-11,0.0092464210004508
2017-09-12,0.005812017357129267
2017-09-13,-7.676382507997492e-05
2017-09-14,0.0023717300077019405
2017-09-15,-0.00045473151705052966
2017-09-18,0.0052297444315713695
2017-09-19,-0.009694596847019458
2017-09-20,-0.00014410588396879427
2017-09-21,0.002892605730859844
2017-09-22,-0.0029600412478501376
2017-09-25,0.018009961875509975
2017-09-26,0.0007726119683755408
2017-09-27,0.00796027489357293
2017-09-28,-0.005301290421137678
2017-09-29,4.304493063021276e-05
2017-10-02,-0.0014580844016719515
2017-10-03,-0.0022547630172042275
2017-10-04,-0.0007384032250304555
2017-10-05,0.008874375130259647
2017-10-06,0.0014924150546949116
2017-10-09,0.001509935259122032
2017-10-10,-0.004098560158865459
2017-10-11,0.008790208355703877
2017-10-12,-0.0013692220673034038
2017-10-13,0.0018531537175190168
2017-10-16,0.003318063408235883
2017-10-17,-0.006991619076887275
2017-10-18,0.00015626760887473392
2017-10-19,-0.011835075443117819
2017-10-20,0.0050320668411475925
2017-10-23,-0.0007602743625821022
2017-10-24,0.0012339016089930642
2017-10-25,-0.004499587154411968
2017-10-26,-0.0011788362547202297
2017-10-27,0.018180620309302092
2017-10-30,-0.0028118385394135543
2017-10-31,0.0016944974485108473
2017-11-01,0.0071446338684973
2017-11-02,-0.0014465533716790733
2017-11-03,0.0024034864220657194
2017-11-07,0.05357433156856653
2017-11-08,0.007226901830024979
2017-11-09,0.022261014072987743
2017-11-10,-0.004851443335839158
2017-11-13,-0.002406773353686843
2017-11-14,0.00791136526663065
2017-11-15,0.0018151693214227414
2017-11-16,-0.0002762891647669283
2017-11-17,-0.0023438525937813062
2017-11-20,-0.0037665065657024946
2017-11-21,0.0201418526261027
2017-11-22,0.0040307234146992185
2017-11-23,-0.00892682693378022
2017-11-24,0.009568256561139259
2017-11-27,-0.005418956856401483
2017-11-28,0.006505509764257668
2017-11-29,-0.009806362165942122
2017-11-30,-0.011137332570948443
2017-12-01,0.001958754982278047
2017-12-04,0.01179838251222248
2017-12-05,-0.0001671116091268809
2017-12-06,0.00036790804218285694
2017-12-07,-0.011884985510757656
2017-12-08,0.0026189806448201312
2017-12-11,0.02047905079808222
2017-12-12,0.006097813269946415
2017-12-13,-0.012306988290769936
2017-12-14,0.014536219348276093
2017-12-15,-0.01007381399148377
2017-12-18,-0.003300032725480362
2017-12-19,-0.005718537628877976
2017-12-20,0.006351809411830089
2017-12-21,-0.010012436418872386
2017-12-22,-0.0010002301483275685
2017-12-25,-0.0003590399726341615
2017-12-26,-0.004350487359238137
2017-12-27,0.0051751217844571845
2017-12-28,-0.002256041985579305
2017-12-29,0.003564383685360776
2018-01-03,0.023977322274156793
2018-01-04,0.02664986347822908
2018-01-05,0.008699442033160712
2018-01-09,0.013940602560340081
2018-01-10,0.0028378560315756806
2018-01-11,0.008518808592778553
2018-01-12,0.017207130464711923
2018-01-15,-0.00272844070594826
2018-01-16,0.003998459551830317
2018-01-17,0.005147239571536929
2018-01-18,0.012439999576965741
2018-01-19,-0.009726092902180544
2018-01-22,0.008534282187404724
2018-01-23,-0.004423006110373921
2018-01-24,0.007371347592365407
2018-01-25,0.0028811505007962923
2018-01-26,-0.010612129060847273
2018-01-29,-0.0025438318166842036
2018-01-30,0.0032796272218863767
2018-01-31,0.011429945393983579
2018-02-01,0.004582399351643202
2018-02-02,-0.008058349117307828
2018-02-05,-0.005874434520090471
2018-02-06,-0.009127069289060381
2018-02-07,0.004379901545672851
2018-02-08,-0.018328192117679783
2018-02-09,-0.01446762961315416
2018-02-12,0.014765133991968687
2018-02-13,0.016584084751128804
2018-02-14,0.002083721421483841
2018-02-15,0.0025340754138442325
2018-02-16,0.005591999697851924
2018-02-19,-0.0013154390999298164
2018-02-20,0.008658112671867712
2018-02-21,0.028217350237627843
2018-02-22,0.0034577268034604925
2018-02-26,0.0056360871059112656
2018-02-27,-0.003465451302541105
2018-02-28,-0.019906899292287672
2018-03-01,-0.0036932995946972235
2018-03-02,-0.0060847351924825654
2018-03-05,0.009400934001946387
2018-03-06,-0.004790335002748206
2018-03-07,-0.005836633530266248
2018-03-09,0.009458572009914637
2018-03-12,0.0005419476770507315
2018-03-13,0.0022316289482657977
2018-03-14,-0.026980585092548772
2018-03-15,-0.007973689942288373
2018-03-16,0.014288739889557
2018-03-19,-0.009156584118864114
2018-03-20,0.011960617933791964
2018-03-21,0.017454209261283334
2018-03-22,-0.010175843285207303
2018-03-23,0.000716909365123405
2018-03-26,-0.02428251841258651
2018-03-27,0.016322924516972367
2018-03-28,-0.006398586801615979
2018-03-29,0.012035205997862003
2018-03-30,-0.002450583574276802
2018-04-02,-0.009729621010144586
2018-04-03,0.003608417388613663
2018-04-04,0.0036969246578082557
2018-04-05,0.014824058068468902
2018-04-06,-0.010810547269185955
2018-04-09,-0.11603606947507648
2018-04-10,0.04170915440660431
2018-04-11,0.00810965948495059
2018-04-12,0.0013369560670310695
2018-04-13,-0.0271605144682426
2018-04-16,-0.028294077191520658
2018-04-17,0.036804622703145676
2018-04-18,0.027815021786282652
2018-04-19,-0.008157211644975416
2018-04-20,0.0026756855694669247
2018-04-23,0.01271416704606786
2018-04-24,0.0020507930874230826
2018-04-25,-0.00453837659998018
2018-04-26,0.014789038062301543
2018-04-27,0.01012080296672439
2018-04-28,-0.0015543297309812175
2018-04-30,0.004838450711565267
2018-05-02,0.0005519268864518753
2018-05-03,-0.011851728727230879
2018-05-04,0.0061338108407646905
2018-05-07,0.003947995858622003
2018-05-08,0.001907779439205568
2018-05-10,0.018281342174678233
2018-05-11,0.02273638140123137
2018-05-14,0.005929172583170455
2018-05-15,-0.015128102621450755
2018-05-16,-0.002350811567062126
2018-05-17,-0.013488755143049633
2018-05-18,-0.001799635754515768
2018-05-21,0.004978203822450359
2018-05-22,-0.004600424178203207
2018-05-23,-0.016866932161004343
2018-05-24,-0.0022518649764735306
2018-05-25,-0.0024617101009778803
2018-05-28,0.0050764827795847815
2018-05-29,-0.010940723939983995
2018-05-30,0.004399523383666507
2018-05-31,0.002349533040219415
2018-06-01,-0.00628933228313388
2018-06-04,0.011896857951835023
2018-06-05,-0.01062148234962669
2018-06-06,0.004748910462869706
2018-06-07,-0.0053874429607831675
2018-06-08,-0.022943587424563143
2018-06-09,0.007550724248290469
2018-06-11,-0.010039373765783807
2018-06-13,0.0048421426443278435
2018-06-14,-0.00897068947914013
2018-06-15,-0.014789364439847156
2018-06-18,-0.008916503336123805
2018-06-19,0.0014575288937887386
2018-06-20,0.01793949609614362
2018-06-21,-0.007779312989293073
2018-06-22,0.011093471696393036
2018-06-25,-0.020986456428118347
2018-06-26,-0.002224668854489956
2018-06-27,0.023133471309438304
2018-06-28,0.0013284562473898948
2018-06-29,0.03159313505835154
2018-07-02,0.012816504067893208
2018-07-03,-0.011398710685773677
2018-07-04,-0.0010467443433526127
2018-07-05,0.028272124761886105
2018-07-06,-0.0008349422354661576
2018-07-09,0.023906741492948757
2018-07-10,-0.008373926500596218
2018-07-11,-0.015181291456629286
2018-07-12,-0.00479060799779208
2018-07-13,0.015553424484891228
2018-07-16,-0.004531284949479726
2018-07-17,-0.0022836990893998696
2018-07-18,-0.02073610208442745
2018-07-19,-0.015025887821887147
2018-07-20,-0.010920173710079303
2018-07-23,0.01460537606269803
2018-07-24,0.012680543557238352
2018-07-25,0.0006477114798919311
2018-07-26,-0.004257999188963775
2018-07-27,-0.0020490321066757525
2018-07-30,0.005080891283426677
2018-07-31,0.018554467206064074
2018-08-01,-0.007570055519591607
2018-08-02,-0.01023727609552849
2018-08-03,-0.005156851141772662
2018-08-06,-0.00011945793278634177
2018-08-07,0.0014925299256484004
2018-08-08,-0.01665987038889789
2018-08-09,0.015070707883819858
2018-08-10,-0.022712448096797223
2018-08-13,0.002122631638263687
2018-08-14,-0.0034518707535951243
2018-08-15,-0.012065084443779196
2018-08-16,0.003953841909862496
2018-08-17,-0.005748203870598496
2018-08-20,0.005230653055909628
2018-08-21,0.010643799466744507
2018-08-22,-0.0032306352479067623
2018-08-23,-0.029382823398664215
2018-08-24,0.011375244184959277
2018-08-27,0.013831624045184085
2018-08-28,-0.00011819983219523399
2018-08-29,0.01103723039926836
2018-08-30,-0.010646404689911172
2018-08-31,0.01548565207827381
2018-09-03,-0.0017406859151544878
2018-09-04,-0.00685344571119607
2018-09-05,-0.00888850644180155
2018-09-06,-0.009837358063689246
2018-09-07,0.00365961405130611
2018-09-10,-0.000350375316047152
2018-09-11,-0.00034873151061127735
2018-09-12,0.008653797093366507
2018-09-13,0.021734730818384385
2018-09-14,0.00483391869622562
2018-09-17,0.006153145873985976
2018-09-18,0.014106829832707456
2018-09-19,0.007692450101094693
2018-09-20,-0.011906309315084705
2018-09-21,0.01430334000674597
2018-09-24,0.01452466780254319
2018-09-25,0.0050619395336688865
2018-09-26,-0.007106450306393359
2018-09-27,0.029406483993933186
2018-09-28,0.004629685782055399
2018-10-01,0.00019971427302036362
2018-10-02,-0.016531935806567342
2018-10-03,0.017567347656575055
2018-10-04,-0.023050760766879046
2018-10-05,-0.0018284335087407435
2018-10-08,0.01025103683006023
2018-10-09,-0.00042936811931727184
2018-10-10,-0.016553201094284972
2018-10-11,-0.023407000486390696
2018-10-12,0.0218283766156186
2018-10-15,-0.01079888018102906
2018-10-16,0.017142678146917608
2018-10-17,-0.007874158036801448
2018-10-18,-0.018885437077158625
2018-10-19,-0.013708991339074042
2018-10-22,-0.01712605113078812
2018-10-23,0.004438311688244725
2018-10-24,0.03309884488013215
2018-10-25,-0.0049076241653236066
2018-10-26,-0.021415581321036888
2018-10-29,0.00890252361782566
2018-10-30,-0.010575545024227351
2018-10-31,0.029506621087828526
2018-11-01,-0.00614331359380409
2018-11-02,0.01162341377454119
2018-11-06,0.019585228685564313
2018-11-07,0.019331446669467466
2018-11-08,0.00043535948046063825
2018-11-09,-0.025754010547322053
2018-11-12,0.0007607503064344899
2018-11-13,-0.015727368510416458
2018-11-14,0.0030133455324201698
2018-11-15,0.005464901035212851
2018-11-16,-0.005547047521771221
2018-11-19,0.000528504748657097
2018-11-20,-0.014558177554757468
2018-11-21,0.0074916443278862585
2018-11-22,0.007277545772167464
2018-11-23,-0.018295374632218434
2018-11-26,-0.025541528053106697
2018-11-27,0.017333417909422145
2018-11-28,0.01882949804766251
2018-11-29,0.014212841828017544
2018-11-30,0.00013618448971540638
2018-12-03,0.03325867412274419
2018-12-04,0.003079568407590996
2018-12-05,-0.002103267755051717
2018-12-06,-0.020474272447288965
2018-12-07,0.01648453426570391
2018-12-10,-0.01596132682695641
2018-12-11,0.004116885124488916
2018-12-12,-0.0200370153695474
2018-12-13,0.00044123444827373875
2018-12-14,-0.012970016723371208
2018-12-17,-0.008756089930552009
2018-12-18,-0.005580103350949403
2018-12-19,0.012221557459133154
2018-12-20,-0.007522044460155596
2018-12-21,0.0014993447769967932
2018-12-24,-0.009172244901619431
2018-12-25,-0.013890158885871421
2018-12-26,0.004003738030485395
2018-12-27,0.011196988095348094
2018-12-28,0.012136780360025618
2018-12-29,0.0033053583422777764
2019-01-03,0.006665640887443882
2019-01-04,0.017702715947410498
2019-01-08,-0.0033358525185240113
2019-01-09,0.016433770046482808
2019-01-10,0.005736126168920978
2019-01-11,0.004592744390672476
2019-01-14,-0.0008087601927094037
2019-01-15,-0.0015614255476058122
2019-01-16,7.33363706722891e-05
2019-01-17,0.008158810423225533
2019-01-18,0.013874790556438326
2019-01-21,-0.003424160078537156
2019-01-22,0.0008752597152233224
2019-01-23,0.008197207636166272
2019-01-24,0.004360453755922502
2019-01-25,0.0038321981759641636
2019-01-28,-0.011229627678489404
2019-01-29,0.013211595839713737
2019-01-30,0.004898028245351738
2019-01-31,0.007937931226168541
2019-02-01,0.0009215308328803809
2019-02-04,0.000338297438447571
2019-02-05,0.011458676799377917
2019-02-06,-0.0022378794872520164
2019-02-07,-0.019702711742487965
2019-02-08,-0.0019573274678820014
2019-02-11,0.011219619967248061
2019-02-12,0.01435530250888873
2019-02-13,-0.0221450753292106
2019-02-14,-0.024044491844156083
2019-02-15,0.017366558418133157
2019-02-18,-0.007842158896710756
2019-02-19,-0.010582690375093223
2019-02-20,0.010154251647063286
2019-02-21,-0.008134868820316988
2019-02-22,0.010522792410533409
2019-02-25,0.001502103292358254
2019-02-26,0.0022461407452556894
2019-02-27,0.002713485169670734
2019-02-28,0.003762223355654948
2019-03-01,-0.006075691918709625
2019-03-04,-0.0028169718591712716
2019-03-05,-0.0022410262370015826
2019-03-06,0.011294573743499285
2019-03-07,-0.008023532675619442
2019-03-11,-0.005178422664882705
2019-03-12,0.0007163248967631437
2019-03-13,0.006538547265699073
2019-03-14,-0.005645237596478402
2019-03-15,0.006228400305884283
2019-03-18,0.003393273045315037
2019-03-19,0.0074298146940797866
2019-03-20,0.010319025441216835
2019-03-21,-0.0003467462945639806
2019-03-22,-0.008416199636928629
2019-03-25,0.008705427462687279
2019-03-26,0.009661755476930826
2019-03-27,-0.007470299653659143
2019-03-28,0.004416542336226124
2019-03-29,-0.000995907311955721
2019-04-01,0.015051194746641001
2019-04-02,0.004622234543217037
2019-04-03,0.0028045409419435296
2019-04-04,0.004376493258478839
2019-04-05,0.007117435091310766
2019-04-08,0.011569303521308041
2019-04-09,0.007650937137801579
2019-04-10,0.0070153679000426105
2019-04-11,-0.019365988443972783
2019-04-12,0.0009029459512339395
2019-04-15,-0.00471922474674236
2019-04-16,-0.00042718704616553395
2019-04-17,0.0029165002792791083
2019-04-18,-0.004352167887865207
2019-04-19,0.00037629730392022844
2019-04-22,0.011684751867077904
2019-04-23,0.004277386357360391
2019-04-24,-0.003517356414695495
2019-04-25,-0.022956608382242442
2019-04-26,-0.009326681878841581
2019-04-29,0.012194514746136406
2019-04-30,-0.008960780756748405
2019-05-02,0.012121808015337847
2019-05-03,0.0005963608421315858
2019-05-06,0.0007862228449829684
2019-05-07,-0.008801041370845052
2019-05-08,-0.008416553227178488
2019-05-10,-0.007892795335224937
2019-05-13,-0.0019153481862402716
2019-05-14,0.03363229155641438
2019-05-15,-0.0038237836872352373
2019-05-16,0.02175278894458622
2019-05-17,-0.002925625897112658
2019-05-20,-0.005142110139838301
2019-05-21,0.0287926317435101
2019-05-22,0.006892566516951685
2019-05-23,-0.013180134161776354
2019-05-24,0.0012804000163452447
2019-05-27,0.003366999067565518
2019-05-28,-0.016681295857941324
2019-05-29,0.014725575936589061
2019-05-30,0.005307562918206277
2019-05-31,0.005743639264204549
2019-06-03,0.033076331654813246
2019-06-04,-0.01805842668173685
2019-06-05,0.00032428525778910484
2019-06-06,0.01494881003179036
2019-06-07,0.0028722333869498316
2019-06-10,0.006145396167694111
2019-06-11,0.011333909401934851
2019-06-13,0.005502142308662503
2019-06-14,-0.008121139957419773
2019-06-17,-0.0027447157010576095
2019-06-18,0.011870704631901513
2019-06-19,-0.0009651549738041692
2019-06-20,0.011143350326394085
2019-06-21,-0.012622423634748721
2019-06-24,0.0008716534094126305
2019-06-25,-0.0017172400379174533
2019-06-26,0.010821114708727122
2019-06-27,0.0007150145131895328
2019-06-28,-0.00792289040879289
2019-07-01,0.025423088299288348
2019-07-02,-0.0021959592982594553
2019-07-03,0.0037504977702076557
2019-07-04,0.013568615504148255
2019-07-05,0.005120470229965224
2019-07-08,-0.008242391057382868
2019-07-09,0.0018189365430153787
2019-07-10,0.0011306118841436295
2019-07-11,-0.013336079472912378
2019-07-12,-0.009348977999083656
2019-07-15,-0.013981513673923885
2019-07-16,0.014396062052715125
2019-07-17,-0.018616373799978804
2019-07-18,-0.0045990857072541625
2019-07-19,-0.003620110328638605
2019-07-22,-0.0053883891442763066
2019-07-23,0.006490499814052138
2019-07-24,-0.014042675196829967
2019-07-25,0.00940451723024961
2019-07-26,0.01127175825757934
2019-07-29,0.007881211557409203
2019-07-30,0.0065718949494565524
2019-07-31,0.0037444925997621586
2019-08-01,-0.010076799876221164
2019-08-02,-0.028452345514714497
2019-08-05,-0.0015662303967711104
2019-08-06,0.016670215712508533
2019-08-07,-0.007351308572033104
2019-08-08,0.010744370383126131
2019-08-09,-0.005961236294133237
2019-08-12,0.005425808961140478
2019-08-13,-0.0017285319101910488
2019-08-14,-0.025489562827434916
2019-08-15,-0.010350494570147304
2019-08-16,-0.0034845924990015314
2019-08-19,0.02307109371498215
2019-08-20,0.008317293737476215
2019-08-21,0.0012754170442140533
2019-08-22,0.00231445247621979
2019-08-23,-0.009061045922439736
2019-08-26,-0.006973572245101423
2019-08-27,-0.005157668722236291
2019-08-28,0.009763960180172601
2019-08-29,0.021615155350203655
2019-08-30,0.005250485286561317
2019-09-02,0.012190760476610786
2019-09-03,-0.011207048654915158
2019-09-04,0.0103884540521005
2019-09-05,0.013827399635105478
2019-09-06,-0.004748183472110745
2019-09-09,-0.0013337296532409933
2019-09-10,0.003933515778154078
2019-09-11,0.008705333954392974
2019-09-12,-0.009647324338601484
2019-09-13,-0.006462720778296413
2019-09-16,0.018127393505961265
2019-09-17,-0.005908746718579234
2019-09-18,-0.001482123907469083
2019-09-19,-0.008612332256734766
2019-09-20,0.0010807806174243043
2019-09-23,-0.008467157733964283
2019-09-24,-0.012121583827697565
2019-09-25,0.00222945260632599
2019-09-26,0.008464624694288887
2019-09-27,-0.0038955615928353052
2019-09-30,-0.0051501657405933245
2019-10-01,0.007640480346557917
2019-10-02,-0.01620481798960789
2019-10-03,-0.002609556212811624
2019-10-04,-0.005781614990045597
2019-10-07,0.015848581232518595
2019-10-08,-0.009274036141051939
2019-10-09,0.0018678755957814795
2019-10-10,0.003832686051122029
2019-10-11,0.013271048447826814
2019-10-14,-0.003232813458344708
2019-10-15,0.011344074384886948
2019-10-16,0.01136830740790853
2019-10-17,0.004941256358649431
2019-10-18,0.0038025290655656734
2019-10-21,0.002478996197737127
2019-10-22,0.021059572500273238
2019-10-23,0.007387652687717303
2019-10-24,0.023430082808230068
2019-10-25,-0.0036383858799932268
2019-10-28,-0.019055255815637787
2019-10-29,0.008182685484560656
2019-10-30,0.009056685017165717
2019-10-31,-0.005191273595257294
2019-11-01,0.012131592107417795
2019-11-05,0.0020815908423424965
2019-11-06,0.012182275699374842
2019-11-07,0.008907374924101165
2019-11-08,-0.01365408041511293
2019-11-11,-0.0026470933193609913
2019-11-12,-0.006620712970251736
2019-11-13,-0.00882897193953144
2019-11-14,-0.000980168552698884
2019-11-15,0.00822918506611823
2019-11-18,-0.010959511878590676
2019-11-19,0.005650697566299873
2019-11-20,-0.0027915767774747127
2019-11-21,0.0054319487481215
2019-11-22,0.00118270235423715
2019-11-25,0.0019389191813721136
2019-11-26,-0.00869349878456109
2019-11-27,-0.0011494991689935813
2019-11-28,0.004938083676172768
2019-11-29,0.002379354253510221
2019-12-02,-0.0025178143921393056
2019-12-03,-0.01831040464426534
2019-12-04,0.00452288861583863
2019-12-05,0.0003968029158658731
2019-12-06,0.012952043052634577
2019-12-09,0.0019503875575875508
2019-12-10,-0.0053111478350206
2019-12-11,0.005336998651095465
2019-12-12,0.005853198894912249
2019-12-13,0.0011059268167017374
2019-12-16,0.0029232396275688647
2019-12-17,0.003540921301024743
2019-12-18,0.018753248647899685
2019-12-19,-0.013218422137931169
2019-12-20,0.005235309092574417
2019-12-23,0.0062843905577300236
2019-12-24,-0.0004228722520241828
2019-12-25,-0.0025800147997431908
2019-12-26,0.0013902350682416854
2019-12-27,0.0127713577305087
2019-12-30,0.004634520060478131
2020-01-03,0.009935700330642172
2020-01-06,0.0007543115678345503
2020-01-08,0.013668641727438103
2020-01-09,-0.007082393228356115
2020-01-10,0.001416357708535662
2020-01-13,0.008222969575358546
2020-01-14,-0.007144662553773541
2020-01-15,-0.0012432872428401853
2020-01-16,0.006793184513788504
2020-01-17,0.013795118566541907
2020-01-20,0.005533326002907755
2020-01-21,0.0017183280002763019
2020-01-22,-0.009930251338942372
2020-01-23,-0.01672944459069283
2020-01-24,0.0028358797284866255
2020-01-27,-0.027065703679128212
2020-01-28,0.013617036962619823
2020-01-29,-0.0006460310649333959
2020-01-30,-0.014719541747990277
2020-01-31,-0.0075298092154063405
2020-02-03,0.006206563094217071
2020-02-04,0.00028394916513693356
2020-02-05,0.004619713600856527
2020-02-06,-0.008503436300220216
2020-02-07,-0.0020305273873454767
2020-02-10,-0.00972951532099399
2020-02-11,0.01232921440549149
2020-02-12,0.008103397227457745
2020-02-13,-0.005466528664419802
2020-02-14,-0.005568698486076643
2020-02-17,0.0013708000045309207
2020-02-18,-0.011558707670221264
2020-02-19,0.00940411571308237
2020-02-20,0.00546436382196867
2020-02-21,-0.006785333705446652
2020-02-25,-0.032881204392547284
2020-02-26,0.014294430417321159
2020-02-27,-0.035695413682636075
2020-02-28,-0.051657047959400515
2020-03-02,-0.023120144422132956
2020-03-03,0.0322686692287239
2020-03-04,0.0034260537957664493
2020-03-05,-0.010278140779015201
2020-03-06,-0.05096185068914116
2020-03-10,-0.1320167992980584
2020-03-11,0.014601797151507974
2020-03-12,-0.08209098655763769
2020-03-13,0.04447398752580953
2020-03-16,-0.015799311392648306
2020-03-17,-0.03339956585719568
2020-03-18,-0.05940070705482112
2020-03-19,0.09579641968123123
2020-03-20,0.02634949403068435
2020-03-23,-0.0615387786584807
2020-03-24,0.059319415364229335
2020-03-25,0.0009567777573129287
2020-03-26,0.010064678646781754
2020-03-27,-0.0472391505328148
2020-03-30,0.010815929396011151
2020-03-31,0.03558116501465394
2020-04-01,-0.010112753666921936
2020-04-02,0.041221314881378604
2020-04-03,0.011357211330614401
2020-04-06,0.009700848436888454
2020-04-07,0.011371045965185804
2020-04-08,0.010599260626061022
2020-04-09,0.010383085686971317
2020-04-10,-0.010416341985451114
2020-04-13,-0.018820692751458194
2020-04-14,-0.012985349560457875
2020-04-15,-0.058439069508435144
2020-04-16,0.011255461414706644
2020-04-17,0.011917111366851012
2020-04-20,-0.011550153518859898
2020-04-21,-0.01555024513135329
2020-04-22,0.042824413953072585
2020-04-23,0.008674323796326154
2020-04-24,-0.01970015629670609
2020-04-27,-0.006356957486555683
2020-04-28,0.017721288579301234
2020-04-29,0.024714345260972242
2020-04-30,-0.007165069840604677
2020-05-04,-0.0114163736896149
2020-05-05,0.016920594855972772
2020-05-06,-0.01033106590049785
2020-05-07,-0.0033330892289730337
2020-05-08,-0.00015158332725850833
2020-05-12,-0.0037108781011411926
2020-05-13,-0.016955171637498045
2020-05-14,-0.004254232435724426
2020-05-15,0.00032872129318281594
2020-05-18,0.04302968502481404
2020-05-19,0.009150416667172383
2020-05-20,0.025273878435379878
2020-05-21,-0.016519667599585963
2020-05-22,-0.005798078633715022
2020-05-25,0.014735676887700706
2020-05-26,0.00745449931230617
2020-05-27,0.0004759137134771555
2020-05-28,0.01816133034533356
2020-05-29,-0.014825924619397026
2020-06-01,0.009717025021241318
2020-06-02,0.02546490962748319
2020-06-03,0.03444736098441033
2020-06-04,-0.03107027233136184
2020-06-05,0.01500041343702209
2020-06-08,-0.0012225249466786639
2020-06-09,-0.0022626721664450677
2020-06-10,-0.01794561259893254
2020-06-11,-0.013708324390165354
2020-06-15,-0.010902850285344233
2020-06-16,0.012314788934214036
2020-06-17,-0.0033942889366586505
2020-06-18,-0.011903164658851915
2020-06-19,0.017224004510173866
2020-06-22,-0.002520016983407169
2020-06-23,0.0013317564167085812
2020-06-25,-0.0078099546814402974
2020-06-26,-0.01111785612735004
2020-06-29,0.011074749430632518
2020-06-30,-0.009805285602074753
2020-07-02,0.020329938460511666
2020-07-03,0.005046388648070761
2020-07-06,0.01469555281270668
2020-07-07,-0.011475161796321147
2020-07-08,0.026165483352804247
2020-07-09,-0.030275249048117354
2020-07-10,0.008647534708764264
2020-07-13,-0.02598063216944884
2020-07-14,0.015338865460581068
2020-07-15,-0.0074029447660658955
2020-07-16,0.0015883830437277003
2020-07-17,0.0009254539768102324
2020-07-20,0.01010222636471081
2020-07-21,0.002452869733893773
2020-07-22,0.008193741149001822
2020-07-23,-0.010119881229152153
2020-07-24,0.0029787315256405342
2020-07-27,0.003006842609159389
2020-07-28,-0.0028602183157817153
2020-07-29,0.018321863507320967
2020-07-30,-0.009562513107817666
2020-07-31,0.004431331331179565
2020-08-03,0.007078393325691392
2020-08-04,0.00048455645414774255
2020-08-05,0.013208054792128653
2020-08-06,-0.0012222148992406601
2020-08-07,-0.0030630736026853933
2020-08-10,-2.9489583928641065e-06
2020-08-11,0.018216194456890617
2020-08-12,0.029364010042799274
2020-08-13,0.0001650757495908475
2020-08-14,-0.0053461194566942535
2020-08-17,-0.006944226805651571
2020-08-18,-0.0036169115908909464
2020-08-19,0.0023788562123341324
2020-08-20,-0.022150882462717503
2020-08-21,-0.008537408093486985
2020-08-24,0.01087210192731098
2020-08-25,-0.005339844236441819
2020-08-26,0.005021664177479927
2020-08-27,-0.01362905186748844
2020-08-28,-0.008441525510474902
2020-08-31,-0.009274496645491733
2020-09-01,0.004152061999603503
2020-09-02,-0.019037293532412597
2020-09-03,-0.01436887229789721
2020-09-04,0.010834354005245303
2020-09-07,-0.009693404083286564
2020-09-08,-0.01803149580526016
2020-09-09,0.0008754270638196011
2020-09-10,0.0013147516986831366
2020-09-11,0.011701289195999451
2020-09-14,0.013430294946511755
2020-09-15,0.021770624383796042
2020-09-16,-0.00023659617781133504
2020-09-17,-0.0035107107630295274
2020-09-18,-0.013877663198896887
2020-09-21,-0.02580922602457334
2020-09-22,0.010329568132640563
2020-09-23,-0.01090488932102685
2020-09-24,0.003783614906632886
2020-09-25,-0.0007684106726961832
2020-09-28,0.004301785045349312
2020-09-29,-0.016518433013272493
2020-09-30,0.001286199465505451
2020-10-01,0.02111667700295981
2020-10-02,-0.03460082890481474
2020-10-05,0.009795211977151793
2020-10-06,0.008549811002609976
2020-10-07,-0.009235616484721248
2020-10-08,-0.0043458921194573135
2020-10-09,-0.0093376736077061
2020-10-12,0.004138716984490865
2020-10-13,-0.011828056370464201
2020-10-14,0.005928564548768572
2020-10-15,-0.015433495820328475
2020-10-16,-0.011573566568575123
2020-10-19,-0.0022808702633837713
2020-10-20,0.02384057722681908
2020-10-21,-0.006586874666607663
2020-10-22,0.009025434775334918
2020-10-23,0.009030770793349777
2020-10-26,-0.01900880409107306
2020-10-27,-0.019560938645127805
2020-10-28,-0.023027580864814497
2020-10-29,0.009483077634682506
2020-10-30,-0.01363439962487559
2020-11-02,0.022017468018080993
2020-11-03,0.02183068582106245
2020-11-05,0.0237819241882209
2020-11-06,0.009312597975759347
2020-11-09,0.05419758757501759
2020-11-10,0.02734734918957653
2020-11-11,0.014321904302738142
2020-11-12,-0.006595689384713326
2020-11-13,0.013833665293000931
2020-11-16,0.018829722929505962
2020-11-17,-0.011891668573366166
2020-11-18,-0.00017761279638978155
2020-11-19,-0.0033233187548223813
2020-11-20,-0.00040430291200847985
2020-11-23,0.007220721371881421
2020-11-24,0.026547179533020798
2020-11-25,0.023138850501596343
2020-11-26,-0.01608446108880254
2020-11-27,0.0040205372606995915
2020-11-30,-0.02194022104174981
2020-12-01,0.021911188656406268
2020-12-02,0.01490456424084526
2020-12-03,-0.0120246322182498
2020-12-04,0.019949056828316068
2020-12-07,0.003319522321278007
2020-12-08,-0.002528305886741301
2020-12-09,0.003197425109693139
2020-12-10,0.030235037384667564
2020-12-11,0.019105479197408955
2020-12-14,-0.010941837306166085
2020-12-15,-0.0022428169772539365
2020-12-16,0.000724604694572307
2020-12-17,0.011050362469721027
2020-12-18,-0.017556605658571547
2020-12-21,-0.026723607224599114
2020-12-22,0.00483037086845174
2020-12-23,0.01353054986295909
2020-12-24,-0.002938891609564965
2020-12-25,0.0005189220762114013
2020-12-28,0.006960855051448477
2020-12-29,0.002066511927692146
2020-12-30,0.006298979732823172
2021-01-04,0.003097170369574705
2021-01-05,0.017395879725674062
2021-01-06,-0.003233157823958289
2021-01-08,0.039553391332194446
2021-01-11,0.01316130166733392
2021-01-12,0.00942915403599736
2021-01-13,-0.008659661112339897
2021-01-14,0.014578802942195204
2021-01-15,-0.01670056469175564
2021-01-18,0.003649729330140938
2021-01-19,-0.005307785665440902
2021-01-20,0.001926117207563807
2021-01-21,-0.021339971940250505
2021-01-22,-0.012989762052231613
2021-01-25,-0.0018792778021847851
2021-01-26,-0.0016420384916533083
2021-01-27,-0.013405579992458797
2021-01-28,0.005809479145154207
2021-01-29,-0.030296691003025338
2021-02-01,0.01274516738365421
2021-02-02,0.005783749677188122
2021-02-03,0.007297353978417763
2021-02-04,0.02078255594438082
2021-02-05,0.005810709359391897
2021-02-08,0.014399199843781643
2021-02-09,-0.013291217881721237
2021-02-10,-0.01581663297443739
2021-02-11,-0.0010067369261343457
2021-02-12,0.014973787450169685
2021-02-15,0.020606889704592714
2021-02-16,-0.00026919226562460664
2021-02-17,-0.00961169329801252
2021-02-18,-0.02040286607397005
2021-02-19,0.010709178985289365
2021-02-20,-0.0028286552212511084
2021-02-22,0.013851126935952689
2021-02-24,-0.005938899110521147
2021-02-25,-0.005625562123906141
2021-02-26,-0.01571881949459514
2021-03-01,0.01312337817181049
2021-03-02,0.010319554516424401
2021-03-03,0.0010097430466235098
2021-03-04,0.0005301861834406732
2021-03-05,0.03552872401047233
2021-03-09,0.02118051720481339
2021-03-10,-0.015436458081458406
2021-03-11,0.01801081030790656
2021-03-12,0.0008642837271112871
2021-03-15,0.021404107732761562
2021-03-16,-0.006046182817705624
2021-03-17,-0.021402340160546075
2021-03-18,-0.027690141822543576
2021-03-19,0.009691314727125748
2021-03-22,0.002792041023737749
2021-03-23,-0.017865035144142522
2021-03-24,0.018404954140543675
2021-03-25,0.0036482612289844
2021-03-26,0.014705288895041312
2021-03-29,0.0030022162199458916
2021-03-30,-0.008938982663434784
2021-03-31,-0.004090401044124695
2021-04-01,-0.001375162773501318
2021-04-02,0.00340980428272986
2021-04-05,-0.014534377814698423
2021-04-06,-0.018430149042815713
2021-04-07,0.01038283132601481
2021-04-08,0.0014204327209403102
2021-04-09,-0.010826940391327963
2021-04-12,0.006870560043426605
2021-04-13,0.01580648995973894
2021-04-14,0.011984471889872351
2021-04-15,-0.010148509359515811
2021-04-16,0.00784735163074263
2021-04-19,-0.008718200307161826
2021-04-20,-0.008154403256174479
2021-04-21,0.006346344546105245
2021-04-22,0.007234847398759748
2021-04-23,0.00033267238987054015
2021-04-26,0.0016541527981014596
2021-04-27,0.002112224348895079
2021-04-28,0.0008706992245297267
2021-04-29,-0.0030305221006273943
2021-04-30,-0.0054313568849192
2021-05-04,0.021581056499416062
2021-05-05,0.014500887557931958
2021-05-06,0.014969106296831245
2021-05-07,0.0027881883956719865
2021-05-10,0.026945484174707695
2021-05-11,-0.02108573020104978
2021-05-12,-0.001832385932802127
2021-05-13,0.007146341603273211
2021-05-14,-0.0004727154514067716
2021-05-17,0.001030176953164691
2021-05-18,0.014084719400410964
2021-05-19,-0.024463953043680608
2021-05-20,-0.011213870320162314
2021-05-21,0.010355045453922424
2021-05-24,0.003469937771111132
2021-05-25,0.012310578495987021
2021-05-26,0.00950267431483851
2021-05-27,0.005819441015305752
2021-05-28,-0.007144786424372435
2021-05-31,0.0028852348218837637
2021-06-01,0.016186048537827073
2021-06-02,0.021932861879548633
2021-06-03,0.0013920011872830275
2021-06-04,0.002094188373418868
2021-06-07,0.009464315936628068
2021-06-08,-0.003876528291720185
2021-06-09,0.004610939360210674
2021-06-10,-0.0007000368232472354
2021-06-11,-0.003960569778907656
2021-06-14,0.0034418523666962728
2021-06-15,-0.008759148059325381
2021-06-16,0.002651936673937738
2021-06-17,0.007689235306671004
2021-06-18,-0.009020682899078092
2021-06-21,0.006085849808523008
2021-06-22,0.004085838131002619
2021-06-23,-0.0039332194706893624
2021-06-24,0.0052003599766297735
2021-06-25,0.006472353422847006
2021-06-28,-0.0058116796168203675
2021-06-29,-0.008417253516746383
2021-06-30,0.008966951288958544
2021-07-01,0.025652895637037255
2021-07-02,-0.006110456791979825
2021-07-05,0.0040126014453828055
2021-07-06,-0.0036063525888981015
2021-07-07,0.001865417922491896
2021-07-08,-0.010817479189115709
2021-07-09,0.0017120238115781086
2021-07-12,0.0030120263048396103
2021-07-13,0.004577773014397524
2021-07-14,-0.013728618803943682
2021-07-15,-0.011071457856744802
2021-07-16,-0.007893013612441767
2021-07-19,-0.02119496276338471
2021-07-20,0.012376242408974718
2021-07-21,0.008032238435128406
2021-07-22,0.007023843314999504
2021-07-23,-0.005770721272714294
2021-07-26,0.009104456970924003
2021-07-27,-0.011455857464918083
2021-07-28,0.012442113673167539
2021-07-29,0.004561518929903189
2021-07-30,-0.0028904736615999954
2021-08-02,0.0011795840363058676
2021-08-03,0.004072186813605304
2021-08-04,-0.0011652669776405044
2021-08-05,0.008585323713792021
2021-08-06,-0.003282486725022676
2021-08-09,0.016502856472555623
2021-08-10,0.012924557021609903
2021-08-11,0.002689104015893756
2021-08-12,0.003796618753919236
2021-08-13,-0.004377495980356916
2021-08-16,0.006442718976081075
2021-08-17,0.012765578916439015
2021-08-18,-0.008867447664339128
2021-08-19,-0.010002838343367614
2021-08-20,-0.009062991279693783
2021-08-23,0.016102902496967945
2021-08-24,-0.0038479662948814096
2021-08-25,-0.005088339537101065
2021-08-26,-0.009300902510264709
2021-08-27,0.015185791503472101
2021-08-30,0.006133368626253426
2021-08-31,-0.008577715121201394
2021-09-01,0.016660622131118928
2021-09-02,-0.006276645838873222
2021-09-03,0.004205237311141467
2021-09-06,0.007806302046832638
2021-09-07,-0.007575560608977601
2021-09-08,0.010294195495616321
2021-09-09,-0.013240741143797486
2021-09-10,0.0034214958356340074
2021-09-13,0.012844908477600829
2021-09-14,0.011555848681038688
2021-09-15,0.019851998114383512
2021-09-16,-0.014609767528035115
2021-09-17,-0.0031913417670638724
2021-09-20,-0.012516910237436204
2021-09-21,0.0056196751777061816
2021-09-22,0.014607166025487756
2021-09-23,0.006284441665938172
2021-09-24,-0.00010821052115062902
2021-09-27,0.023549679211641687
2021-09-28,-0.004573107081560047
2021-09-29,0.004907968844747349
2021-09-30,0.010498005999231445
2021-10-01,0.0029696287815797603
2021-10-04,0.024567176640693085
2021-10-05,0.03881213720138915
2021-10-06,-0.016479461939557242
2021-10-07,0.0014121950980759438
2021-10-08,0.00400188305413261
2021-10-11,0.019946864818693653
2021-10-12,-0.012126508518901569
2021-10-13,-0.002443454804461584
2021-10-14,-0.0017640333232962907
2021-10-15,0.00036049150920434454
2021-10-18,-0.010158144923820946
2021-10-19,0.01551598030149776
2021-10-20,0.0006404223208065432
2021-10-21,-0.02043115637731011
2021-10-22,-0.005442888200230874
2021-10-25,0.02231714662320527
2021-10-26,0.0022784147317320667
2021-10-27,-0.008230755612560562
2021-10-28,-0.01445495023321888
2021-10-29,-0.013146749237484424
2021-11-01,0.023581734967688128
2021-11-02,-0.008744197047370596
2021-11-03,-0.0021301058685557813
2021-11-05,-0.011417747199512565
2021-11-08,-0.0009450044363471926
2021-11-09,-0.0034922892377221527
2021-11-10,-0.015059355929666401
2021-11-11,0.00768233802700087
2021-11-12,-0.03084191751407517
2021-11-15,0.003326547386445479
2021-11-16,-0.008776423646079935
2021-11-17,0.008803184328664802
2021-11-18,-0.00894583870285309
2021-11-19,-0.023861139469584833
2021-11-22,-0.04419839435666513
2021-11-23,0.05260299134301427
2021-11-24,-0.010258602608250643
2021-11-25,-0.013426686521361425
2021-11-26,-0.04070832260851964
2021-11-29,0.038619863967857763
2021-11-30,-0.011163122818633856
2021-12-01,0.0232311590669063
2021-12-02,0.014787022563479345
2021-12-03,-0.015524276722543674
2021-12-06,-0.021356138563999212
2021-12-07,0.011060162110540119
2021-12-08,-0.027873094761360278
2021-12-09,0.004101517270211035
2021-12-10,-0.007374598536216522
2021-12-13,-0.05573370838690116
2021-12-14,0.027335107146028673
2021-12-15,0.006292128634300521
2021-12-16,0.023025654886695206
2021-12-17,0.012147139534600558
2021-12-20,-0.02838162961708758
2021-12-21,0.016155858805179044
2021-12-22,0.007332867078252666
2021-12-23,-0.00831301419531035
2021-12-24,0.0012340451807334291
2021-12-27,0.010848377684810827
2021-12-28,0.0029171962768763746
2021-12-29,-0.0020996142569192017
2021-12-30,0.0045297990254396965
2022-01-03,0.02995789453424387
2022-01-04,-0.00010042077214049904
2022-01-05,-0.046969299045955135
2022-01-06,0.027059213501595666
2022-01-10,-0.0006412163723937968
2022-01-11,0.002183138798320874
2022-01-12,0.007953361362012015
2022-01-13,-0.04778196057506507
2022-01-14,-0.018928789312124154
2022-01-17,-0.01855419276810722
2022-01-18,-0.07334672293411948
2022-01-19,0.04428222265279457
2022-01-20,0.00583794052202366
2022-01-21,-0.011896050017716233
2022-01-24,-0.03744695152652471
2022-01-25,0.025037542407621356
2022-01-26,-0.008241909220784965
2022-01-27,0.06388453473952857
2022-01-28,0.006940229684550614
2022-01-31,0.02681347964587779
2022-02-01,-0.005009543318732288
2022-02-02,-0.001868401669980784
2022-02-03,-0.03081137707827213
2022-02-04,0.016997473972246973
2022-02-07,-0.0020131841822945288
2022-02-08,0.024965517355489783
2022-02-09,0.016879900242665207
2022-02-10,-0.009693913455548351
2022-02-11,-0.04398497833642
2022-02-14,0.001133408614205238
2022-02-15,0.04435227807974712
2022-02-16,0.007192755148144977
2022-02-17,-0.04751788333869307
2022-02-18,-0.04189269076910533
2022-02-21,-0.17080022238108591
2022-02-22,0.051389713205145855
2022-02-24,-0.3477792944970051
2022-02-25,0.03673743321650266
2022-03-24,0.08766625084051984
2022-03-25,-0.06747556829524606
2022-03-28,-0.03567068025312018
2022-03-29,-0.01420779703597997
2022-03-30,0.042315246590059086
2022-03-31,0.09001487352163601
2022-04-01,0.0331437460634462
2022-04-04,0.02744432556197144
2022-04-05,-0.05487346263656491
2022-04-06,-0.04094624988938321
2022-04-07,0.02272557790961756
2022-04-08,-0.017991692017673436
2022-04-11,-0.02355778425867434
2022-04-12,-0.010851799942638608
2022-04-13,-0.0038262708188671057
2022-04-14,-0.049354286523401465
2022-04-15,0.008717702824743798
2022-04-18,-0.05554694665075436
2022-04-19,-0.012331224663948908
2022-04-20,-0.01200709197662638
2022-04-21,-0.047956886908419365
2022-04-22,-0.02154229386610751
2022-04-25,-0.010422850916420794
2022-04-26,0.08906973047648988
2022-04-27,0.06026414891523003
2022-04-28,-0.03563351253540814
2022-04-29,0.04324111987372668
2022-05-04,-0.03551689323665535
2022-05-05,0.019189191825226663
2022-05-06,-0.006889203843632442
2022-05-11,4.860189013757444e-05
2022-05-12,-0.04447479968012316
2022-05-13,0.010231906145800527
2022-05-16,0.030873038012973687
2022-05-17,0.02651921188743918
2022-05-18,-0.003838895935458321
2022-05-19,-0.002086536900993457
2022-05-20,-0.025441743483879023
2022-05-23,-0.02832184348401521
2022-05-24,0.006815076277345564
2022-05-25,0.024816715625503392
2022-05-26,0.027447438021134862
2022-05-27,-0.00479834337040573
2022-05-30,-0.002285426241242775
2022-05-31,-0.02726240968346346
2022-06-01,0.01662697353580499
2022-06-02,-0.014650609093942533
2022-06-03,-0.0032111703943836015
2022-06-06,-0.005446021230936964
2022-06-07,0.001429048915801273
2022-06-08,0.012326337980637661
2022-06-09,-0.013152687956566888
2022-06-10,0.003733433382955646
2022-06-14,0.009258914310317973
2022-06-15,0.02556676232400377
2022-06-16,0.021329605882898735
2022-06-17,-0.007284316753451303
2022-06-20,0.022727201214969406
2022-06-21,-0.0291562820504315
2022-06-22,0.015437911606944061
2022-06-23,0.01843729014342145
2022-06-24,-0.007846973153100864
2022-06-27,0.009892907485440626
2022-06-28,-0.012020634913051585
2022-06-29,-0.01848245191742712
2022-06-30,-0.12409543537151813
2022-07-01,9.42965593336842e-05
2022-07-04,-0.0031108359638506522
2022-07-05,0.02641664945251605
2022-07-06,-0.005549191976678326
2022-07-07,-7.81655895462207e-05
2022-07-08,-0.003272426348412343
2022-07-11,-0.037397159942782546
2022-07-12,0.0012794202743762993
2022-07-13,-0.026645325598361448
2022-07-14,-0.005893122242158742
2022-07-15,0.0231938589102909
2022-07-18,0.05221389045713156
2022-07-19,-0.0017075026263687412
2022-07-20,-0.0011537142321537616
2022-07-21,-0.01187555087323609
2022-07-22,0.028375660773242724
2022-07-25,0.005951072820944429
2022-07-26,0.021488183948746412
2022-07-27,0.00409985007695226
2022-07-28,-0.004171423213226875
2022-07-29,0.0034594302093921047
2022-08-01,-0.013441246283365918
2022-08-02,-0.01553693103137648
2022-08-03,-0.004503033244046861
2022-08-04,-0.009916603062662748
2022-08-05,-0.029941230174083868
2022-08-08,0.010218556281452683
2022-08-09,0.028801162913689553
2022-08-10,-0.004181548169125115
2022-08-11,-0.012351161668205931
2022-08-12,0.006359337967425776
2022-08-15,0.0026536156602098614
2022-08-16,0.018728593971598213
2022-08-17,-0.022539777460505693
2022-08-18,0.010238970743927158
2022-08-19,-0.0006680595547558566
2022-08-22,0.012386959596577034
2022-08-23,0.024017377136831698
2022-08-24,-0.0072837580684954085
2022-08-25,-0.0064922084748209085
2022-08-26,0.014362130461037967
2022-08-29,0.016881310258204944
2022-08-30,0.01047645778267039
2022-08-31,0.07922303977334727
2022-09-01,0.041071598825956054
2022-09-02,0.010022348654382052
2022-09-05,-0.0058837625870506605
2022-09-06,-0.023468416862568998
2022-09-07,-0.015404510174805154
2022-09-08,-0.005249037426985338
2022-09-09,0.01683083330361714
2022-09-12,0.006478847142047865
2022-09-13,-0.006957842982689141
2022-09-14,0.0007343511885271305
2022-09-15,0.006546570017198332
2022-09-16,-0.005778231149234131
2022-09-19,-0.00046654226500026215
2022-09-20,-0.1003019577023768
2022-09-21,-0.0327568022099359
2022-09-22,0.037784944060164215
2022-09-23,-0.028893596905728184
2022-09-26,-0.08747571478105942
2022-09-27,0.04918091300374381
2022-09-28,-0.002723945864628562
2022-09-29,0.00563590659727058
2022-09-30,-0.0032285165942488392
2022-10-03,0.02234323570133695
2022-10-04,-0.01805223876941754
2022-10-05,-0.008713504256580875
2022-10-06,-0.0017677618652727446
2022-10-07,-0.004041081536822533
2022-10-10,-0.009459601558258812
2022-10-11,0.013756478080493593
2022-10-12,-0.010261579631688193
2022-10-13,0.003837752786553148
2022-10-14,-0.0010661837339754187
2022-10-17,0.028729488812825943
2022-10-18,-0.008010662466646567
2022-10-19,0.004163048975573408
2022-10-20,0.029525422332754063
2022-10-21,0.022048638242950835
2022-10-24,-0.003955771352891865
2022-10-25,0.038625240767634635
2022-10-26,0.002998351036892966
2022-10-27,0.01594274263251331
2022-10-28,-0.003144704039753019
2022-10-31,-0.0018353501897591558
2022-11-01,0.0008611609939968791
2022-11-02,-0.010441011157657967
2022-11-03,0.004207383496848398
2022-11-07,0.023164741456007207
2022-11-08,-0.003912617458023011
2022-11-09,-0.021516822587217495
2022-11-10,0.034800023443127506
2022-11-11,0.0014704954205997166
2022-11-14,0.006905251443102975
2022-11-15,-0.024108188519664175
2022-11-16,0.02131431823723965
2022-11-17,-0.007367737301140013
2022-11-18,-0.0021266790733816612
2022-11-21,-0.009471244125089238
2022-11-22,0.004398818857249768
2022-11-23,0.008941684569558446
2022-11-24,-0.0013462455159278298
2022-11-25,0.0002442547091662078
2022-11-28,-0.007709509070926703
2022-11-29,0.0008023058218114265
2022-11-30,0.0015545982623433206
2022-12-01,-0.0011346585563090806
2022-12-02,-0.00479225917708233
2022-12-05,0.01723702329123498
2022-12-06,-0.006219567123424662
2022-12-07,0.003083220961891804
2022-12-08,-0.008981016753344012
2022-12-09,0.00031266633222902914
2022-12-12,-0.0013210415914382103
2022-12-13,-0.005102020397324366
2022-12-14,-0.00398676834864732
2022-12-15,-0.014102162062354102
2022-12-16,0.007095515642039727
2022-12-19,0.035332312607665256
2022-12-20,-0.03145487706187326
2022-12-21,-0.006730263061862909
2022-12-22,-0.0007317294449990672
2022-12-23,0.0038557342370054196
2022-12-26,0.010494900669854099
2022-12-27,0.0016091566320189413
2022-12-28,-0.00570005822439875
2022-12-29,0.006380371784165402
2022-12-30,0.004110410484735897
2023-01-03,0.007867159374464734
2023-01-04,-0.003174783088955268
2023-01-05,-0.004950918596263567
2023-01-06,0.0019310527629631845
2023-01-09,0.005550815302533789
2023-01-10,-0.0024388898680653653
2023-01-11,0.02621421425491015
2023-01-12,-0.005307806033513044
2023-01-13,0.006559311699083808
2023-01-16,0.00527309159606523
2023-01-17,-0.016202484889493517
2023-01-18,0.0021235962491799655
2023-01-19,-0.011720451467758276
2023-01-20,-0.00047122410679009555
2023-01-23,0.009980094055256721
2023-01-24,-0.008276512649621613
2023-01-25,0.00045352684584654265
2023-01-26,-0.004418536765821694
2023-01-27,0.004999269870675935
2023-01-30,0.0021292894647942763
2023-01-31,0.01222241902488809
2023-02-01,0.0006321968674956647
2023-02-02,-0.0004003144388829019
2023-02-03,0.007873340147970646
2023-02-06,0.016056660085018416
2023-02-07,-0.002122677248045977
2023-02-08,-0.008990551710055689
2023-02-09,0.0029355787686445923
2023-02-10,0.0003756259625628751
2023-02-13,-0.003344129286391969
2023-02-14,-0.00965174724414343
2023-02-15,-0.027378620784709543
2023-02-16,0.005869414731936586
2023-02-17,0.004809677885408927
2023-02-20,0.006156227572938026
2023-02-21,0.013674790660702183
2023-02-22,-0.0018046798921948063
2023-02-24,-0.00025195341262340015
2023-02-27,0.017116737722288895
2023-02-28,0.009511843727684351
2023-03-01,0.018028423730346854
2023-03-02,-0.015907942805823236
2023-03-03,0.011763336790267975
2023-03-06,0.010208509473215116
2023-03-07,0.004970301077799036
2023-03-09,-0.0071715884617345686
2023-03-10,-0.0035767908921631236
2023-03-13,-0.00409641251103229
2023-03-14,0.01100702855306904
2023-03-15,-0.006542398821667314
2023-03-16,0.00574325170026572
2023-03-17,0.047246248840391546
2023-03-20,0.048554573574853245
2023-03-21,-0.009237841740795595
2023-03-22,-0.005541710964097649
2023-03-23,-0.0016883714423133983
2023-03-24,0.004652483872530378
2023-03-27,0.030242854527312363
2023-03-28,0.002117364748173739
2023-03-29,0.00893565510124663
2023-03-30,0.0022980282363002187
2023-03-31,-0.0056547029011942765
2023-04-03,0.009462633746357713
2023-04-04,0.0037076845175252698
2023-04-05,0.006622719375944541
2023-04-06,-0.003350586324254739
2023-04-07,0.009862128584107961
2023-04-10,0.013941161619569993
2023-04-11,-0.0051016786305254445
2023-04-12,0.007105918871118748
2023-04-13,-0.0032162638672168383
2023-04-14,0.005150277384560722
2023-04-17,0.0161845643133871
2023-04-18,0.008124579734419463
2023-04-19,-0.007345345960905146
2023-04-20,0.020876197046076697
2023-04-21,-0.0031300018419865043
2023-04-24,-0.0017481965623970435
2023-04-25,-0.00490889313590403
2023-04-26,-0.0031691434042494626
2023-04-27,0.019450464345530383
2023-04-28,-0.0057663502598623686
2023-05-02,-0.0077615422441004445
2023-05-03,-0.024308138206804976
2023-05-04,0.00941304558926941
2023-05-05,-0.0072437516323634495
2023-05-08,0.003417259435693219
2023-05-10,0.04070389988710652
2023-05-11,0.007299367433821298
2023-05-12,0.0019113363672836382
2023-05-15,0.027468288890075
2023-05-16,-0.0018648868124511752
2023-05-17,-0.0004265400393324535
2023-05-18,-0.0010028190803024882
2023-05-19,-0.0016885004546865114
2023-05-22,-0.0025006502709239713
2023-05-23,0.00628312326996016
2023-05-24,0.011744723971716966
2023-05-25,-0.00399671008843309
2023-05-26,0.016594891480207197
2023-05-29,0.01923114795450457
2023-05-30,-0.013685430867415974
2023-05-31,0.006537979300546396
2023-06-01,0.023597602087936972
2023-06-02,-0.013681803052558544
2023-06-05,-0.025895609423133174
2023-06-06,0.006248768406715412
2023-06-07,-0.0004752564980066826
2023-06-08,0.0006947692337392821
2023-06-09,-0.002349093076321028
2023-06-13,0.023412400354974904
2023-06-14,-0.0015747770116859411
2023-06-15,0.010554437024638754
2023-06-16,-0.007837938476240583
2023-06-19,-0.006598668490673329
2023-06-20,-0.004645364887254091
2023-06-21,-0.00015280235270539848
2023-06-22,-0.004376102000187216
2023-06-23,-0.019653104566416196
2023-06-26,0.007560005961466085
2023-06-27,0.010147705255480456
2023-06-28,-0.00221991712411821
2023-06-29,0.001375288584111034
2023-06-30,-0.005244784207183413
2023-07-03,0.007237632309692779
2023-07-04,0.0013776067331333634
2023-07-05,0.006694810779467142
2023-07-06,0.004184474185171315
2023-07-07,0.010446526517652498
2023-07-10,0.010943654429434187
2023-07-11,-0.0002021841279575328
2023-07-12,0.005282400959785501
2023-07-13,-0.0042573091744871165
2023-07-14,0.0025318309751367852
2023-07-17,-0.001056736359094797
2023-07-18,0.010595520713944106
2023-07-19,-0.005387340603347673
2023-07-20,-0.01766184122510906
2023-07-21,0.011340822119405855
2023-07-24,0.004927176180792064
2023-07-25,0.009124053164660749
2023-07-26,-0.0014520510018718818
2023-07-27,0.005004268296831442
2023-07-28,0.015079678521199612
2023-07-31,0.03477925573689507
2023-08-01,0.004132607161289784
2023-08-02,0.00490697617113961
2023-08-03,0.010013694641701147
2023-08-04,-0.01564805605814665
2023-08-07,-0.007843787201192387
2023-08-08,0.008747851850365439
2023-08-09,0.004193040250794267
2023-08-10,0.012104258925515112
2023-08-11,0.00036940542006286937
2023-08-14,-0.016587828533293457
2023-08-15,-0.0011340243628971518
2023-08-16,-0.011817775829688999
2023-08-17,0.00771118727946086
2023-08-18,0.012480407093243797
2023-08-21,0.0005961917596569112
2023-08-22,0.019177757791722764
2023-08-23,-0.02227485914516344
2023-08-24,0.01494022277079119
2023-08-25,0.0011920041793329972
2023-08-28,0.016971032552356494
2023-08-29,0.007749901579600161
2023-08-30,-0.00023491711619782508
2023-08-31,0.0005995267289036976
2023-09-01,-1.4821505711399446e-05
2023-09-04,0.009200372710239324
2023-09-05,0.0012712066346526332
2023-09-06,-0.006447288093933349
2023-09-07,-0.022240627921873014
2023-09-08,-0.009411509879836038
2023-09-11,-0.010021695048216568
2023-09-12,0.02821235642758049
2023-09-13,-0.016531072726115675
2023-09-14,-0.004079634265904108
2023-09-15,0.003484280593259449
2023-09-18,-0.005581494475230897
2023-09-19,-0.02548871253615257
2023-09-20,0.006256250982908423
2023-09-21,-0.013003342631454869
2023-09-22,0.010500939206795226
2023-09-25,-0.002689218696292269
2023-09-26,0.0008599450858969708
2023-09-27,0.006270331805373953
2023-09-28,0.01677485855438917
2023-09-29,0.0026639824645424593
2023-10-02,-0.0019474463318126627
2023-10-03,0.003832292076795067
2023-10-04,-0.007122169939886186
2023-10-05,0.003955218065930983
2023-10-06,0.010143599489280428
2023-10-09,0.0076259695978796935
2023-10-10,-0.002470437493106034
2023-10-11,-0.002589933680046952
2023-10-12,0.020394308468051344
2023-10-13,0.00557338408957757
2023-10-16,0.014779646403402551
2023-10-17,0.004262450842049186
2023-10-18,-0.0008676230209268905
2023-10-19,0.0013183949054589616
2023-10-20,0.0034432690935652017
2023-10-23,-0.0023759047581869077
2023-10-24,0.0005665838390567512
2023-10-25,0.0024665801620824945
2023-10-26,-0.017342826187956288
2023-10-27,0.0022380458646238392
2023-10-30,-0.003231841470199005
2023-10-31,-0.005954597304093558
2023-11-01,0.00958608067661906
2023-11-02,-0.0030771705848666535
2023-11-03,-2.5647472989825428e-05
2023-11-06,0.0142421202300867
2023-11-07,-0.003588752624449417
2023-11-08,0.00511989970657536
2023-11-09,-0.004336343899602124
2023-11-10,0.006590952543661692
2023-11-13,0.004236572034867893
2023-11-14,-0.011119563794149743
2023-11-15,0.00493395212386913
2023-11-16,-0.010326658094026863
2023-11-17,0.006837987567595681
2023-11-20,0.0006539031660508599
2023-11-21,-9.377216152948596e-06
2023-11-22,0.009413905315784659
2023-11-23,-0.0038417461460888104
2023-11-24,0.003613461944894583
2023-11-27,-0.012780273912944638
2023-11-28,-0.0005218030491022569
2023-11-29,-0.007802689244423699
2023-11-30,0.002895704072443261
2023-12-01,-0.009156037458383308
2023-12-04,-0.010552281305616196
2023-12-05,0.01893268766240068
2023-12-06,-0.025676116315673517
2023-12-07,0.0012455368162577465
2023-12-08,-0.00047217698594170625
2023-12-11,-0.015593953377235991
2023-12-12,-0.0007012165511178807
2023-12-13,0.008081855250896936
2023-12-14,0.0022956231096541418
2023-12-15,0.0070785526980545205
2023-12-18,0.013126800848546966
2023-12-19,-0.004609395482363298
2023-12-20,-0.0026725440661393807
2023-12-21,-0.006915636226799131
2023-12-22,0.011503975326718137
2023-12-25,-0.0012742898887640043
2023-12-26,0.0024668840732361683
2023-12-27,-0.0031397392147077914
2023-12-28,-0.00020754771965675518
2023-12-29,-0.0022114951806679346
2024-01-03,0.011811205585554102
2024-01-04,-0.002611879765987749
2024-01-05,0.0008021218623381507
2024-01-08,0.005574322953538503
2024-01-09,0.005279045471740173
2024-01-10,0.000867996571431811
2024-01-11,0.0019842423555221397
2024-01-12,0.001146769184036424
2024-01-15,-0.003686619019021962
2024-01-16,-0.0017662355678394425
2024-01-17,0.0068212991360784465
2024-01-18,-0.000258435170657414
2024-01-19,-0.005311748395932775
2024-01-22,0.0006243959409832267
2024-01-23,0.002694843592756659
2024-01-24,-0.006245119288362043
2024-01-25,-0.0021013307920470952
2024-01-26,0.0022921464443169015
2024-01-29,0.0034242152399454207
2024-01-30,0.004490607405975024
2024-01-31,0.0099933701521633
2024-02-01,-0.00023607885296267057
2024-02-02,-0.000452628820043167
2024-02-05,0.0034547544751367316
2024-02-06,0.0019708506731568863
2024-02-07,0.013195358031389085
2024-02-08,-0.006931005965406606
2024-02-09,0.0022502239723113772
2024-02-12,0.00616304462101527
2024-02-13,-0.0011296514522757418
2024-02-14,-0.0001504266039120604
2024-02-15,0.004112026927133748
2024-02-16,-0.006059285003190166
2024-02-19,-0.0008637195805123981
2024-02-20,-0.014986696198885829
2024-02-21,-0.008539676198027557
2024-02-22,0.004637770036446825
2024-02-26,0.019127611673340653
2024-02-27,-0.0010056653935705418
2024-02-28,0.007296031229778337
2024-02-29,0.00798759501431114
2024-03-01,0.007633344113931005
2024-03-04,0.007188471213396242
2024-03-05,-0.0019938830448878566
2024-03-06,-0.0006585610713059835
2024-03-07,0.003851324503634552
2024-03-11,0.0005705449487445085
2024-03-12,0.004398652698282306
2024-03-13,-0.009782486948524646
2024-03-14,-0.007749672236609974
2024-03-15,0.0034277497704884095
2024-03-18,-0.0013834331464437975
2024-03-19,-0.008623572911899975
2024-03-20,0.005041557579999983
2024-03-21,-0.0009127389563809758
2024-03-22,-0.011942711165030406
2024-03-25,0.011457522469878655
2024-03-26,-0.0020300400129677383
2024-03-27,0.004580370176461636
2024-03-28,0.0035155418388194983
2024-03-29,0.003155446832186364
2024-04-01,0.008859970760441257
2024-04-02,0.008927949135572703
2024-04-03,0.00746635429147131
2024-04-04,-0.0008070387997563677
2024-04-05,0.00037453463993467224
2024-04-08,0.007349401874005516
2024-04-09,-0.00012155576455333522
2024-04-10,0.0023646119510746387
2024-04-11,0.003392959841917392
2024-04-12,-0.0018000853253707346
2024-04-15,0.002469815982285276
2024-04-16,0.000951476948063988
2024-04-17,-0.0023349443878713533
2024-04-18,0.0009565642963849376
2024-04-19,0.0014576939757086026
2024-04-22,0.00903546468528151
2024-04-23,-0.013855989311327681
2024-04-24,-0.0014426935627698558
2024-04-25,0.0016742326955118576
2024-04-26,0.0039300367273585055
2024-04-27,0.005631612249289163
2024-04-29,0.006419590876704169
2024-04-30,-0.005050618925588338
2024-05-02,-0.008830962203547607
2024-05-03,0.01582374619907763
2024-05-06,-0.006637722731117351
2024-05-07,-0.00979052939215067
2024-05-08,0.003573477168807376
2024-05-10,0.0034800295272299727
2024-05-13,0.00593063266764751
2024-05-14,0.0005880449483522507
2024-05-15,0.002521601959984248
2024-05-16,0.008151122568820448
2024-05-17,0.0022531193697293223
2024-05-20,-0.02037041090849715
2024-05-21,-0.009593273042781854
2024-05-22,0.0010755695822951994
2024-05-23,-0.006607934514097682
2024-05-24,-0.011136570908295347
2024-05-27,-0.022488861840124368
2024-05-28,0.003763918373202099
2024-05-29,0.00782993658531331
2024-05-30,-0.017881238370976913
2024-05-31,-0.011350539504248542
2024-06-03,-0.012357862426742503
2024-06-04,0.017288193307064045
2024-06-05,-0.005047816985733708
2024-06-06,-0.003623241575933625
2024-06-07,0.011234731301412665
2024-06-10,-0.019335058573849664
2024-06-11,-0.0036506534672720234
2024-06-13,-0.0010803727775495165
2024-06-14,0.015365118937088494
2024-06-17,-0.010288216114625983
2024-06-18,-0.01974753195646014
2024-06-19,-0.021245174922633926
2024-06-20,0.020299764900792234
2024-06-21,-0.0025419967943866046
2024-06-24,-0.0014450919416509555
2024-06-25,0.01353382879614331
2024-06-26,0.013705785350222674
2024-06-27,-0.002014420640007945
2024-06-28,-0.00016185084005318397
2024-07-01,0.01698108621758908
2024-07-02,0.010455125275484194
2024-07-03,-0.006479041763698326
2024-07-04,-0.015889616554614638
2024-07-05,0.014075532793019114
2024-07-08,-0.0042731661398408925
2024-07-09,0.01942461741330037
2024-07-10,-0.030005580798256097
2024-07-11,-0.0045868164618680825
2024-07-12,-0.012430879687144111
2024-07-15,-0.01576701358042066
2024-07-16,0.01516884999442593
2024-07-17,-0.004786531357220822
2024-07-18,0.023677308912672432
2024-07-19,0.001213464117808212
2024-07-22,0.012749877004131493
2024-07-23,0.002442818815698503
2024-07-24,0.004988469564582526
2024-07-25,-0.003950528487064954
2024-07-26,-0.00498459865717754
2024-07-29,-0.025163365677522632
2024-07-30,0.011456569060036361
2024-07-31,-0.0016280495823865451
2024-08-01,-0.009048626597352194
2024-08-02,-0.007832410973938421
2024-08-05,-0.03248711319857493
2024-08-06,0.010075056802454135
2024-08-07,0.009328011161999538
2024-08-08,-0.009993175749774116
2024-08-09,0.0013621357122135442
2024-08-12,0.0013176878065288195
2024-08-13,0.007721937530177621
2024-08-14,-0.009599145835408794
2024-08-15,-0.009749757672497689
2024-08-16,-0.013356758392833169
2024-08-19,-0.015328159209806343
2024-08-20,-0.003309033877623852
2024-08-21,0.005243822513531205
2024-08-22,-0.012113784632459424
2024-08-23,-0.0063457453580595576
2024-08-26,0.04111352105322462
2024-08-27,-0.018373470266908536
2024-08-28,-0.004358668404272175
2024-08-29,0.004421327115634703
2024-08-30,-0.03357436102197536
2024-09-02,-0.016176599708266105
2024-09-03,-0.0031832688215346298
2024-09-04,0.022819684352979017
2024-09-05,0.002730286970501365
2024-09-06,0.004865699634758557
2024-09-09,0.027541061720893087
2024-09-10,-0.010892964192410112
2024-09-11,-0.009643357920019434
2024-09-12,-0.009127587566866952
2024-09-13,0.016994461075489135
2024-09-16,0.022461353599998783
2024-09-17,0.005220859698803506
2024-09-18,-0.008760212817716663
2024-09-19,0.005171892071673039
2024-09-20,0.011611030106167241
2024-09-23,0.02605322121866585
2024-09-24,0.01556385592781408
2024-09-25,-0.019766899284717195
2024-09-26,0.004790707378471452
2024-09-27,0.007194727429536905
2024-09-30,-0.005574340314027636
2024-10-01,-0.002095078459447931
2024-10-02,-0.025990435893289237
2024-10-03,0.017928650348022084
2024-10-04,0.0013851545258169444
2024-10-07,0.0015651955756701063
2024-10-08,-0.00495585865743174
2024-10-09,-0.009379035287566288
2024-10-10,-0.0023623227434772438
2024-10-11,-0.007371746661206296
2024-10-14,0.011694114876791737
2024-10-15,0.007993181366401488
2024-10-16,0.0015967697941358808
2024-10-17,-0.009159693359881304
2024-10-18,0.0018531437029006316
2024-10-21,0.004988920782940276
2024-10-22,-0.0073571879691978195
2024-10-23,-0.009620907857249658
2024-10-24,0.0017504457492093616
2024-10-25,-0.022802928132924994
2024-10-28,-0.02285318554558257
2024-10-29,0.007696410335471582
2024-10-30,-0.00865491197301312
2024-10-31,-0.006524031723874018
2024-11-01,0.007121463066671035
2024-11-02,0.007544123874621594
2024-11-05,0.002153114618203937
2024-11-06,0.0195160603226705
2024-11-07,0.02530306673399719
2024-11-08,0.010627642334442355
2024-11-11,0.0040324704057878745
2024-11-12,-0.014722170371530093
2024-11-13,-0.009727310946804985
2024-11-14,-0.009713586098689952
2024-11-15,0.01398029142252038
2024-11-18,-0.018880738619896337
2024-11-19,-0.0261808623699588
2024-11-20,-0.015438359520822524
2024-11-21,0.01735613892796846
2024-11-22,-0.016935357649840197
2024-11-25,-0.021120955368842776
2024-11-26,-0.01545244105707632
2024-11-27,0.01745900110566551
2024-11-28,0.006266973879225427
2024-11-29,0.01953262445995955
2024-12-02,-0.00561046760524043
2024-12-03,-0.014444302788574961
2024-12-04,-0.026654487756767528
2024-12-05,0.024686461315151734
2024-12-06,0.004831095366731095
2024-12-09,0.009252638471532867
2024-12-10,-0.020137512306970463
2024-12-11,0.006874581579916042
2024-12-12,-0.015120913276713383
2024-12-13,0.0212111178841858
2024-12-16,-0.016005987619200565
2024-12-17,-0.027842273250166222
2024-12-18,0.012899338767998168
2024-12-19,-0.008547018593522214
2024-12-20,0.08843015705135424
2024-12-23,0.030728856097874326
2024-12-24,-0.0011859084050425883
2024-12-25,0.03162844825775556
2024-12-26,-0.00476493269841911
2024-12-27,0.0035678624685634257
2024-12-28,0.006288365211793219
2024-12-30,0.02791780579830621
